id,filename,participant_id,room_id,device_placement_id,session_id,polar_position_id,distance,polar_angle,utterance_id,dov_angle,mic_channel,gp_max_val_std,gp_max_val_range,gp_max_val_min,gp_max_val_max,gp_max_val_mean,gp_max_ix_std,gp_max_ix_range,gp_max_ix_min,gp_max_ix_max,gp_max_ix_mean,gp_auc_std,gp_auc_range,gp_auc_min,gp_auc_max,gp_auc_mean,tdoa_std,tdoa_range,tdoa_min,tdoa_max,tdoa_mean
0,recording0_0_0.wav,s1,upstairs,wall,trial1,A0,1,0,recording0,0,0,0.006591259559626423,0.018468488244866924,0.03424145051807796,0.052709938762944886,0.04364311112509461,42.094140526523006,96.0,-95.0,1.0,-55.5,2.5626039145761237e-06,7.08997730328674e-06,1.1981357266275369e-05,1.907133456956211e-05,1.5580896626150584e-05,5.481007881057683e-05,0.000125,-0.00012369791666666668,1.3020833333333333e-06,-7.2265625e-05
1,recording0_45_0.wav,s1,upstairs,wall,trial1,A0,1,0,recording0,45,0,0.006324664538473235,0.016666661777023577,0.03422184069445974,0.05088850247148332,0.04124720230854178,44.1955880150949,94.0,-94.0,0.0,-62.5,2.4717591789293545e-06,6.502434047823052e-06,1.1963746565469237e-05,1.846618061329229e-05,1.4723880398898369e-05,5.754633856132149e-05,0.00012239583333333332,-0.00012239583333333332,0.0,-8.138020833333333e-05
2,recording0_90_0.wav,s1,upstairs,wall,trial1,A0,1,0,recording0,90,0,0.004891632490739929,0.013323818424164927,0.024594929774763394,0.03791874819892832,0.029705820485417467,44.55240360145193,96.0,-95.0,1.0,-62.5,1.9028960435681107e-06,5.211630263678021e-06,8.612965635933605e-06,1.3824595899611626e-05,1.0666414508578138e-05,5.801094218939053e-05,0.000125,-0.00012369791666666668,1.3020833333333333e-06,-8.138020833333333e-05
3,recording0_135_0.wav,s1,upstairs,wall,trial1,A0,1,0,recording0,135,0,0.0018086279360258106,0.004934630736601799,0.015280283507834964,0.020214914244436763,0.017839810431946056,38.787526631924116,95.0,-95.0,0.0,-47.833333333333336,6.845871591911189e-07,1.876227108332836e-06,5.602009808416736e-06,7.478236916749572e-06,6.581927219593437e-06,5.050459196865119e-05,0.00012369791666666668,-0.00012369791666666668,0.0,-6.228298611111111e-05
4,recording0_180_0.wav,s1,upstairs,wall,trial1,A0,1,0,recording0,180,0,0.0023257107689798567,0.006743294755031763,0.016893791337443266,0.02363708609247503,0.02020859387699413,33.07399112427904,97.0,-96.0,1.0,-40.333333333333336,8.384616555087703e-07,2.4279771156887297e-06,6.245291636055067e-06,8.673268751743797e-06,7.432460539129427e-06,4.3065092609738334e-05,0.00012630208333333333,-0.000125,1.3020833333333333e-06,-5.251736111111111e-05
5,recording0_225_0.wav,s1,upstairs,wall,trial1,A0,1,0,recording0,225,0,0.0036389700048438693,0.008919089375420249,0.025888577556093702,0.03480766693151395,0.029299120384374516,43.23450268272114,145.0,-98.0,47.0,-40.666666666666664,1.3588515159057321e-06,3.3527864988341583e-06,9.261651789816638e-06,1.2614438288650796e-05,1.0541300422593669e-05,5.6294925368126486e-05,0.0001888020833333333,-0.00012760416666666665,6.119791666666666e-05,-5.295138888888889e-05
6,recording0_270_0.wav,s1,upstairs,wall,trial1,A0,1,0,recording0,270,0,0.0035762029585297167,0.009614469369994154,0.026308029607172594,0.03592249897716675,0.03070446437064329,47.53244505948893,145.0,-98.0,47.0,-48.0,1.3572592125877339e-06,3.8538068385539425e-06,9.19565017996068e-06,1.3049457018514622e-05,1.1044679794586072e-05,6.189120450454288e-05,0.0001888020833333333,-0.00012760416666666665,6.119791666666666e-05,-6.249999999999999e-05
7,recording0_315_0.wav,s1,upstairs,wall,trial1,A0,1,0,recording0,315,0,0.003770630953897725,0.011047334521643176,0.030819390847072543,0.04186672536871572,0.036846284401750945,42.36744032862972,98.0,-96.0,2.0,-55.0,1.461103340891764e-06,4.3738631371748845e-06,1.0797685835640602e-05,1.5171548972815487e-05,1.3199090114906634e-05,5.5165937927903283e-05,0.00012760416666666668,-0.000125,2.6041666666666666e-06,-7.161458333333333e-05
8,recording1_0_0.wav,s1,upstairs,wall,trial1,A0,1,0,recording1,0,0,0.006064828215736539,0.017316378109318555,0.03266916983190874,0.049985547941227296,0.04190966982313978,42.24400023145956,96.0,-95.0,1.0,-55.666666666666664,2.340427425423698e-06,6.635315078776107e-06,1.1499964046668197e-05,1.8135279125444304e-05,1.5038652644858723e-05,5.5005208634712973e-05,0.000125,-0.00012369791666666668,1.3020833333333333e-06,-7.248263888888887e-05
9,recording1_45_0.wav,s1,upstairs,wall,trial1,A0,1,0,recording1,45,0,0.005508715697980852,0.014838235599773944,0.03241163632818676,0.04724987192796071,0.03886249160976227,44.31202495435698,94.0,-94.0,0.0,-62.666666666666664,2.13032186230936e-06,5.6620728037446335e-06,1.1536957575431923e-05,1.7199030379176557e-05,1.3968864899754334e-05,5.769794915931898e-05,0.00012239583333333332,-0.00012239583333333332,0.0,-8.159722222222222e-05
10,recording1_90_0.wav,s1,upstairs,wall,trial1,A0,1,0,recording1,90,0,0.0040031600837566956,0.010902529156458361,0.025789743828537673,0.036692272984996034,0.02999933032164309,44.4312827733894,95.0,-95.0,0.0,-62.833333333333336,1.5328033861511987e-06,4.16297402039474e-06,9.28233826608411e-06,1.344531228647885e-05,1.0910581841784186e-05,5.785323277785077e-05,0.00012369791666666668,-0.00012369791666666668,0.0,-8.181423611111112e-05
11,recording1_135_0.wav,s1,upstairs,wall,trial1,A0,1,0,recording1,135,0,0.0016065811454336653,0.00500126811866225,0.015214688536882653,0.020215956655544903,0.01752576071949583,38.98895855096528,96.0,-96.0,0.0,-47.833333333333336,6.083273687656253e-07,1.884680000028674e-06,5.635780783124753e-06,7.520460783153427e-06,6.4979333218844914e-06,5.076687311323605e-05,0.000125,-0.000125,0.0,-6.228298611111111e-05
12,recording1_180_0.wav,s1,upstairs,wall,trial1,A0,1,0,recording1,180,0,0.002562003503277766,0.006334891567238987,0.016328667347141924,0.02266355891438091,0.01893062943855384,42.93567540195708,98.0,-97.0,1.0,-55.833333333333336,9.49970373044419e-07,2.3316215799001913e-06,6.030069981423273e-06,8.361691561323464e-06,6.977783931253093e-06,5.590582734629828e-05,0.00012760416666666665,-0.00012630208333333333,1.3020833333333333e-06,-7.269965277777777e-05
13,recording1_225_0.wav,s1,upstairs,wall,trial1,A0,1,0,recording1,225,0,0.0027521892043963934,0.007539974589311566,0.0220330892872725,0.029573063876584066,0.02542129459382701,47.51841748206689,144.0,-97.0,47.0,-48.0,1.0261170139690874e-06,2.8380626318053857e-06,7.92021698621173e-06,1.0758279618017116e-05,9.220637623540503e-06,6.187293942977458e-05,0.0001875,-0.00012630208333333333,6.119791666666666e-05,-6.25e-05
14,recording1_270_0.wav,s1,upstairs,wall,trial1,A0,1,0,recording1,270,0,0.002305065062330928,0.005867591354364914,0.02507774383769821,0.030945335192063123,0.028240229352223135,47.51841748206689,144.0,-97.0,47.0,-48.0,8.549156971623152e-07,2.0758134772792204e-06,9.179016962986613e-06,1.1254830440265833e-05,1.0233657238284982e-05,6.187293942977458e-05,0.0001875,-0.00012630208333333333,6.119791666666666e-05,-6.25e-05
15,recording1_315_0.wav,s1,upstairs,wall,trial1,A0,1,0,recording1,315,0,0.003342670076765147,0.009908132642525738,0.03078724650791603,0.04069537915044177,0.03600189118400005,42.30707847262546,98.0,-96.0,2.0,-55.333333333333336,1.288516642654765e-06,3.9641756683803884e-06,1.0828194102508106e-05,1.4792369770888495e-05,1.2937419466023122e-05,5.5087341761231074e-05,0.00012760416666666668,-0.000125,2.6041666666666666e-06,-7.204861111111112e-05
16,recording0_0_0.wav,s1,upstairs,wall,trial1,A1,1,45,recording0,0,0,0.003246091181258412,0.010298754640515453,0.03844358608516675,0.048742340725682204,0.04520520996250774,46.02414825091522,147.0,-98.0,49.0,-32.666666666666664,1.2370450689367017e-06,3.911022944618655e-06,1.3717408956807926e-05,1.762843190142658e-05,1.631052339093826e-05,5.992727636837918e-05,0.00019140624999999998,-0.00012760416666666665,6.380208333333333e-05,-4.2534722222222216e-05
17,recording0_45_0.wav,s1,upstairs,wall,trial1,A1,1,45,recording0,45,0,0.003559294598759578,0.011038418549122374,0.036179313099696686,0.04721773164881906,0.04261717036429561,46.258933071233805,147.0,-98.0,49.0,-32.333333333333336,1.3562236360083554e-06,4.206265358920989e-06,1.2915423981135328e-05,1.7121689340056317e-05,1.5386426538030456e-05,6.023298576983568e-05,0.00019140624999999998,-0.00012760416666666665,6.380208333333333e-05,-4.2100694444444434e-05
18,recording0_90_0.wav,s1,upstairs,wall,trial1,A1,1,45,recording0,90,0,0.0035296228159604395,0.010641024200767398,0.022023891489640655,0.03266491569040805,0.029328363884959397,46.14018494400154,147.0,-98.0,49.0,-32.5,1.3246254655969208e-06,3.953300561919799e-06,7.875216005784316e-06,1.1828516567704115e-05,1.0634016192076826e-05,6.0078365812502004e-05,0.00019140624999999998,-0.00012760416666666665,6.380208333333333e-05,-4.2317708333333335e-05
19,recording0_135_0.wav,s1,upstairs,wall,trial1,A1,1,45,recording0,135,0,0.004333347571221187,0.011121917127742527,0.013424452303753512,0.02454636943149604,0.018008179417176976,45.491452188540016,145.0,-96.0,49.0,-15.833333333333334,1.597690799405497e-06,4.089699792088695e-06,4.947155262431677e-06,9.036855054520372e-06,6.633970613714793e-06,5.9233661703828145e-05,0.00018880208333333333,-0.000125,6.380208333333333e-05,-2.0616319444444445e-05
20,recording0_180_0.wav,s1,upstairs,wall,trial1,A1,1,45,recording0,180,0,0.0022842727479773983,0.006465453714265119,0.014024839001640674,0.020490292715905793,0.01697659445933893,35.556293395122054,96.0,-96.0,0.0,-16.5,8.448490670876542e-07,2.36395571835252e-06,5.185639420343915e-06,7.549595138696435e-06,6.267320914533154e-06,4.6297257024898503e-05,0.000125,-0.000125,0.0,-2.1484375000000002e-05
21,recording0_225_0.wav,s1,upstairs,wall,trial1,A1,1,45,recording0,225,0,0.003632295363592814,0.009506638355257533,0.014833219298908473,0.024339857654166006,0.01852539980800241,32.951563780123635,97.0,-96.0,1.0,-39.833333333333336,1.330841917610835e-06,3.504595209932764e-06,5.4052240895521765e-06,8.90981929948494e-06,6.796992109319372e-06,4.290568200536931e-05,0.00012630208333333333,-0.000125,1.3020833333333333e-06,-5.186631944444444e-05
22,recording0_270_0.wav,s1,upstairs,wall,trial1,A1,1,45,recording0,270,0,0.0034476154395817827,0.0103517122927331,0.02392608452087315,0.03427779681360625,0.02856283865733349,45.614325235244536,146.0,-98.0,48.0,-33.0,1.2962056343511266e-06,3.876868736345319e-06,8.551322332354182e-06,1.2428191068699501e-05,1.0336026862062417e-05,5.9393652650057986e-05,0.00019010416666666665,-0.00012760416666666665,6.25e-05,-4.296874999999999e-05
23,recording0_315_0.wav,s1,upstairs,wall,trial1,A1,1,45,recording0,315,0,0.0037723922335621625,0.011644247855424401,0.03370463093525797,0.04534887879068237,0.039564974634797474,45.728972095258044,146.0,-98.0,48.0,-32.833333333333336,1.4185711249035202e-06,4.407676667838346e-06,1.2004517484021995e-05,1.641219415186034e-05,1.4288802316920943e-05,5.954293241570057e-05,0.00019010416666666665,-0.00012760416666666665,6.25e-05,-4.275173611111111e-05
24,recording1_0_0.wav,s1,upstairs,wall,trial1,A1,1,45,recording1,0,0,0.0029444526482245523,0.009692065027545653,0.037019818773411914,0.04671188380095757,0.04263483535006029,46.02414825091522,147.0,-98.0,49.0,-32.666666666666664,1.1242965850120084e-06,3.696693404916437e-06,1.3252370309464472e-05,1.694906371438091e-05,1.5429995558635585e-05,5.992727636837918e-05,0.00019140624999999998,-0.00012760416666666665,6.380208333333333e-05,-4.2534722222222216e-05
25,recording1_45_0.wav,s1,upstairs,wall,trial1,A1,1,45,recording1,45,0,0.0036460508212314145,0.011288148405458713,0.03330337243094344,0.04459152083640215,0.039417984093675855,46.14018494400154,147.0,-98.0,49.0,-32.5,1.386179280454121e-06,4.287205197893321e-06,1.1938410662217402e-05,1.6225615860110723e-05,1.4293415902913068e-05,6.0078365812502004e-05,0.00019140624999999998,-0.00012760416666666665,6.380208333333333e-05,-4.2317708333333335e-05
26,recording1_90_0.wav,s1,upstairs,wall,trial1,A1,1,45,recording1,90,0,0.0030049846352509083,0.009084951542238977,0.021989853023354364,0.03107480456559334,0.027807020941806034,46.082052423427875,147.0,-98.0,49.0,-32.333333333333336,1.1313809844200751e-06,3.4300750283062075e-06,7.944456255563997e-06,1.1374531283870205e-05,1.0154670178752117e-05,6.000267242633838e-05,0.00019140624999999998,-0.00012760416666666665,6.380208333333333e-05,-4.210069444444444e-05
27,recording1_135_0.wav,s1,upstairs,wall,trial1,A1,1,45,recording1,135,0,0.004196570791317087,0.010624295240690133,0.014614743976768568,0.0252390392174587,0.01839426773125111,35.704419272067085,96.0,-96.0,0.0,-16.166666666666668,1.5425563480322373e-06,3.89451040131479e-06,5.4222851798375185e-06,9.316795581152309e-06,6.801467108517653e-06,4.6490129260504024e-05,0.000125,-0.000125,0.0,-2.105034722222222e-05
28,recording1_180_0.wav,s1,upstairs,wall,trial1,A1,1,45,recording1,180,0,0.0023623096501311385,0.006340040555679011,0.012936651813322996,0.019276692369002008,0.016112150413115554,35.77708763999664,96.0,-96.0,0.0,-16.0,8.761526208832038e-07,2.3554868192612778e-06,4.811631949050421e-06,7.167118768311699e-06,5.998705979094164e-06,4.658474953124562e-05,0.000125,-0.000125,0.0,-2.0833333333333333e-05
29,recording1_225_0.wav,s1,upstairs,wall,trial1,A1,1,45,recording1,225,0,0.0023495363850390737,0.0057883229512647304,0.014326494214603086,0.020114817165867816,0.016948609316907493,44.78622059914807,143.0,-96.0,47.0,-32.166666666666664,8.657668179242518e-07,2.113907526831249e-06,5.2969885256885345e-06,7.410896052519784e-06,6.237442811547069e-06,5.831539140514073e-05,0.00018619791666666665,-0.000125,6.119791666666666e-05,-4.188368055555556e-05
30,recording1_270_0.wav,s1,upstairs,wall,trial1,A1,1,45,recording1,270,0,0.0030553312368125107,0.008857870113756258,0.02298311439199524,0.0318409845057515,0.02688783218740833,45.614325235244536,146.0,-98.0,48.0,-33.0,1.144135196741286e-06,3.3113953389059847e-06,8.2886991993528e-06,1.1600094538258785e-05,9.773259091332113e-06,5.9393652650057986e-05,0.00019010416666666665,-0.00012760416666666665,6.25e-05,-4.296874999999999e-05
31,recording1_315_0.wav,s1,upstairs,wall,trial1,A1,1,45,recording1,315,0,0.00286108099091349,0.008990267622708284,0.032242505276992364,0.04123277289970065,0.03599367121941217,45.728972095258044,146.0,-98.0,48.0,-32.833333333333336,1.068686105833673e-06,3.4092083042630808e-06,1.1556253008727273e-05,1.4965461312990354e-05,1.305551768855804e-05,5.954293241570057e-05,0.00019010416666666665,-0.00012760416666666665,6.25e-05,-4.275173611111111e-05
32,recording0_0_0.wav,s1,upstairs,wall,trial1,A2,1,90,recording0,0,0,0.009520522713503137,0.021562122301820752,0.03258432937759049,0.05414645167941124,0.04002586470232582,76.75067860720625,188.0,-94.0,94.0,0.0,3.5536667723740935e-06,8.053178228552831e-06,1.1599940726050688e-05,1.965311895460352e-05,1.4397256116318427e-05,9.993577943646646e-05,0.00024479166666666665,-0.00012239583333333332,0.00012239583333333332,0.0
33,recording0_45_0.wav,s1,upstairs,wall,trial1,A2,1,90,recording0,45,0,0.007423701755678825,0.019263250820556847,0.02756503529503778,0.04682828611559463,0.03613585477844011,69.45902069245977,189.0,-94.0,95.0,7.666666666666667,2.7794462426273726e-06,7.240061735368933e-06,9.71474628366632e-06,1.6954808019035254e-05,1.2992775562522251e-05,9.0441433193307e-05,0.00024609375,-0.00012239583333333332,0.00012369791666666668,9.982638888888896e-06
34,recording0_90_0.wav,s1,upstairs,wall,trial1,A2,1,90,recording0,90,0,0.0053169703706505336,0.014435970986406605,0.01977497446786843,0.034210945454275034,0.026044816265844,69.52937029294407,190.0,-94.0,96.0,8.0,1.9793404762391938e-06,5.316874198961548e-06,7.110891809085091e-06,1.2427766008046639e-05,9.415846698103083e-06,9.053303423560426e-05,0.0002473958333333333,-0.00012239583333333332,0.000125,1.0416666666666671e-05
35,recording0_135_0.wav,s1,upstairs,wall,trial1,A2,1,90,recording0,135,0,0.003428037959299211,0.009980219678481925,0.011179027916792175,0.0211592475952741,0.016479407476059468,53.120669758160574,145.0,-49.0,96.0,15.833333333333334,1.2557996283887039e-06,3.65455244726876e-06,4.133299204756262e-06,7.787851652025022e-06,6.069097334009006e-06,6.916753874760492e-05,0.00018880208333333333,-6.380208333333333e-05,0.000125,2.0616319444444445e-05
36,recording0_180_0.wav,s1,upstairs,wall,trial1,A2,1,90,recording0,180,0,0.005313895396558116,0.013292964503292554,0.011181227651682269,0.024474192154974823,0.01706591011559667,33.27369665199358,97.0,-49.0,48.0,-7.833333333333333,1.9533873189875597e-06,4.874745860798529e-06,4.1329075585951876e-06,9.007653419393717e-06,6.285678855468869e-06,4.332512584894997e-05,0.00012630208333333333,-6.380208333333333e-05,6.25e-05,-1.0199652777777775e-05
37,recording0_225_0.wav,s1,upstairs,wall,trial1,A2,1,90,recording0,225,0,0.006520751051471726,0.015354231742179184,0.013711880860454379,0.029066112602633563,0.019448727882512538,32.34020545526712,94.0,-47.0,47.0,7.666666666666667,2.4012440162936337e-06,5.6509625739834606e-06,5.02393930239284e-06,1.06749018763763e-05,7.140764070259227e-06,4.210964251987905e-05,0.00012239583333333332,-6.119791666666666e-05,6.119791666666666e-05,9.982638888888888e-06
38,recording0_270_0.wav,s1,upstairs,wall,trial1,A2,1,90,recording0,270,0,0.00870490331210411,0.022705257772921403,0.021035791699209768,0.04374104947213117,0.031191098000678836,76.955434433761,189.0,-95.0,94.0,-0.8333333333333334,3.2387152136465216e-06,8.515270542127603e-06,7.360887110829298e-06,1.58761576529569e-05,1.1230792682904194e-05,0.00010020238858562631,0.00024609375,-0.00012369791666666668,0.00012239583333333332,-1.085069444444447e-06
39,recording0_315_0.wav,s1,upstairs,wall,trial1,A2,1,90,recording0,315,0,0.009305602081806565,0.024272533784521166,0.02699508102065955,0.05126761480518072,0.037529033920878974,76.75212628252645,189.0,-95.0,94.0,-0.6666666666666666,3.4887830370413358e-06,9.172229554868063e-06,9.414350266038135e-06,1.8586579820906197e-05,1.3459595172496729e-05,9.993766443037299e-05,0.00024609375,-0.00012369791666666668,0.00012239583333333332,-8.680555555555549e-07
40,recording1_0_0.wav,s1,upstairs,wall,trial1,A2,1,90,recording1,0,0,0.009501092537501052,0.022209651173325417,0.03087983666589816,0.05308948783922358,0.038671414333845834,76.75067860720625,188.0,-94.0,94.0,0.0,3.556175404244753e-06,8.311697468638971e-06,1.0997209436501382e-05,1.9308906905140353e-05,1.3937337201431959e-05,9.993577943646646e-05,0.00024479166666666665,-0.00012239583333333332,0.00012239583333333332,0.0
41,recording1_45_0.wav,s1,upstairs,wall,trial1,A2,1,90,recording1,45,0,0.006871459289037734,0.01828114187329373,0.02757328836635929,0.04585443023965302,0.03579481225751638,69.31910911782471,189.0,-94.0,95.0,7.833333333333333,2.5613769602100405e-06,6.790624899613683e-06,9.85686216049471e-06,1.6647487060108393e-05,1.2931588162052614e-05,9.025925666383426e-05,0.00024609375,-0.00012239583333333332,0.00012369791666666668,1.0199652777777789e-05
42,recording1_90_0.wav,s1,upstairs,wall,trial1,A2,1,90,recording1,90,0,0.004970728628745203,0.012748201832749141,0.019283314199370148,0.03203151603211929,0.024232233297511063,69.6371548337045,191.0,-95.0,96.0,8.0,1.8310591755089937e-06,4.679186213546389e-06,7.023804693936311e-06,1.17029909074827e-05,8.848926229349868e-06,9.06733786897194e-05,0.0002486979166666667,-0.00012369791666666668,0.000125,1.0416666666666666e-05
43,recording1_135_0.wav,s1,upstairs,wall,trial1,A2,1,90,recording1,135,0,0.00364042846163783,0.009750132059745023,0.012085400829888737,0.02183553288963376,0.016667763336904267,51.175080741400784,144.0,-48.0,96.0,8.333333333333334,1.3465985654723089e-06,3.606248083929485e-06,4.461478697825298e-06,8.067726781754783e-06,6.1555173838325e-06,6.66342197153656e-05,0.0001875,-6.25e-05,0.000125,1.0850694444444441e-05
44,recording1_180_0.wav,s1,upstairs,wall,trial1,A2,1,90,recording1,180,0,0.005318714243966147,0.012066287944105029,0.0118254327805772,0.02389172072468223,0.01634819231320447,17.966790352078903,49.0,-1.0,48.0,7.833333333333333,1.9611199322589147e-06,4.437738665781938e-06,4.414946960894163e-06,8.852685626676101e-06,6.072990758240065e-06,2.339425827093607e-05,6.380208333333334e-05,-1.3020833333333333e-06,6.25e-05,1.0199652777777777e-05
45,recording1_225_0.wav,s1,upstairs,wall,trial1,A2,1,90,recording1,225,0,0.005270970392264322,0.013371837722324136,0.011699528889438218,0.025071366611762354,0.017461270994869223,39.191835884530846,96.0,-48.0,48.0,0.0,1.948041031654925e-06,4.923439766446074e-06,4.3395956090033165e-06,9.26303537544939e-06,6.451498454066163e-06,5.103103630798287e-05,0.000125,-6.25e-05,6.25e-05,0.0
46,recording1_270_0.wav,s1,upstairs,wall,trial1,A2,1,90,recording1,270,0,0.007636550354753532,0.019872844316961916,0.018534061531917403,0.03840690584887932,0.026548069454710208,77.36367939084133,190.0,-96.0,94.0,-0.8333333333333334,2.8264915213175637e-06,7.374720217313404e-06,6.663027040373644e-06,1.4037747257687048e-05,9.672027541636486e-06,0.00010073395754015799,0.0002473958333333333,-0.000125,0.00012239583333333332,-1.085069444444447e-06
47,recording1_315_0.wav,s1,upstairs,wall,trial1,A2,1,90,recording1,315,0,0.009128347777518446,0.023539509659360497,0.026519368483200106,0.0500588781425606,0.03650478714312822,76.75230724002157,189.0,-95.0,94.0,-0.5,3.419666670055873e-06,8.863183244618289e-06,9.334544429942935e-06,1.8197727674561224e-05,1.3164546824531066e-05,9.993790005211142e-05,0.00024609375,-0.00012369791666666668,0.00012239583333333332,-6.510416666666673e-07
48,recording0_0_0.wav,s1,upstairs,wall,trial1,B0,3,0,recording0,0,0,0.004748234880222812,0.011620264752452647,0.02635507664955243,0.03797534140200508,0.03122930160799235,44.90638410441586,97.0,-96.0,1.0,-63.5,1.745765064631199e-06,4.269858988148826e-06,9.537444911144237e-06,1.3807303899293063e-05,1.1340004557422448e-05,5.847185430262482e-05,0.00012630208333333333,-0.000125,1.3020833333333333e-06,-8.268229166666668e-05
49,recording0_45_0.wav,s1,upstairs,wall,trial1,B0,3,0,recording0,45,0,0.0038301147885387585,0.010462453689843394,0.018097034259520667,0.02855948794936406,0.023510461817210213,44.90267252625394,96.0,-96.0,0.0,-63.5,1.4158564363922612e-06,3.854819617552809e-06,6.601931995340881e-06,1.045675161289369e-05,8.582039365051441e-06,5.8467021518559817e-05,0.000125,-0.000125,0.0,-8.268229166666668e-05
50,recording0_90_0.wav,s1,upstairs,wall,trial1,B0,3,0,recording0,90,0,0.0011166950460699391,0.0035766369525278563,0.013960861220929956,0.017537498173457813,0.016254686364000192,43.23739379544311,97.0,-96.0,1.0,-39.833333333333336,3.974519055437136e-07,1.296491594461311e-06,5.1776709349931455e-06,6.474162529454457e-06,5.995580287848037e-06,5.629868983781655e-05,0.00012630208333333333,-0.000125,1.3020833333333333e-06,-5.186631944444444e-05
51,recording0_135_0.wav,s1,upstairs,wall,trial1,B0,3,0,recording0,135,0,0.0010953581587086882,0.003026639631631042,0.013710247394115081,0.016736887025746123,0.01573772762808621,39.191835884530846,96.0,-96.0,0.0,-48.0,4.2489541487505453e-07,1.134848460004268e-06,5.049312896839041e-06,6.1841613568433086e-06,5.816591631627715e-06,5.103103630798287e-05,0.000125,-0.000125,0.0,-6.25e-05
52,recording0_180_0.wav,s1,upstairs,wall,trial1,B0,3,0,recording0,180,0,0.0014447892316205087,0.003939143058876762,0.014166774069324433,0.018105917128201195,0.016964557799022516,39.19467083956979,96.0,-96.0,0.0,-48.333333333333336,5.386059193561192e-07,1.4304205884960357e-06,5.216638277543377e-06,6.647058866039412e-06,6.250892008226129e-06,5.1034727655689826e-05,0.000125,-0.000125,0.0,-6.293402777777778e-05
53,recording0_225_0.wav,s1,upstairs,wall,trial1,B0,3,0,recording0,225,0,0.004752217583053876,0.011361179826818495,0.013623288877901846,0.02498446870472034,0.017693422660451773,42.44113570582201,96.0,-95.0,1.0,-55.5,1.757772437229848e-06,4.1927936927383445e-06,4.9878535404679134e-06,9.180647233206258e-06,6.490448327785513e-06,5.526189545028908e-05,0.000125,-0.00012369791666666668,1.3020833333333333e-06,-7.2265625e-05
54,recording0_270_0.wav,s1,upstairs,wall,trial1,B0,3,0,recording0,270,0,0.005643405588093227,0.013864425839721889,0.01582241017802815,0.02968683601775004,0.02172790647236546,44.667910430444614,96.0,-96.0,0.0,-63.666666666666664,2.0810111642996344e-06,5.120905161124477e-06,5.780690192325108e-06,1.0901595353449585e-05,7.958753287823495e-06,5.8161341706308086e-05,0.000125,-0.000125,0.0,-8.289930555555557e-05
55,recording0_315_0.wav,s1,upstairs,wall,trial1,B0,3,0,recording0,315,0,0.004922096013128598,0.013151220815440172,0.02245068602743689,0.03560190684287706,0.027556356332345874,44.90638410441586,97.0,-96.0,1.0,-63.5,1.8133172186689899e-06,4.835476810868268e-06,8.152356071543401e-06,1.2987832882411669e-05,1.0048354343784655e-05,5.847185430262482e-05,0.00012630208333333333,-0.000125,1.3020833333333333e-06,-8.268229166666668e-05
56,recording1_0_0.wav,s1,upstairs,wall,trial1,B0,3,0,recording1,0,0,0.0038453796605096738,0.00950542554361028,0.02389253746603906,0.03339796300964934,0.027514779523212466,44.90267252625394,96.0,-96.0,0.0,-63.5,1.4301545835851634e-06,3.525479490700423e-06,8.735419837327567e-06,1.226089932802799e-05,1.007776384159684e-05,5.8467021518559817e-05,0.000125,-0.000125,0.0,-8.268229166666668e-05
57,recording1_45_0.wav,s1,upstairs,wall,trial1,B0,3,0,recording1,45,0,0.0036428689146425653,0.010029673602893918,0.017771612319401116,0.027801285922295034,0.022776663103721822,45.02098276236192,96.0,-96.0,0.0,-63.666666666666664,1.3532329279001143e-06,3.717425973823545e-06,6.536471509481278e-06,1.0253897483304823e-05,8.377620565526703e-06,5.862107130515875e-05,0.000125,-0.000125,0.0,-8.289930555555557e-05
58,recording1_90_0.wav,s1,upstairs,wall,trial1,B0,3,0,recording1,90,0,0.0017659957500171747,0.00461368211438987,0.014194584049972727,0.018808266164362597,0.01646770759921632,39.191835884530846,96.0,-96.0,0.0,-48.0,6.728251561590327e-07,1.7484898250172101e-06,5.234052956616939e-06,6.982542781634149e-06,6.095848621360267e-06,5.103103630798287e-05,0.000125,-0.000125,0.0,-6.25e-05
59,recording1_135_0.wav,s1,upstairs,wall,trial1,B0,3,0,recording1,135,0,0.0022838840540093694,0.005841393176147911,0.012909362209151632,0.018750755385299543,0.016053355290139987,45.020982762361925,96.0,-96.0,0.0,-32.333333333333336,8.532716823227371e-07,2.1823979359525448e-06,4.7842221485035485e-06,6.966620084456093e-06,5.95783843464316e-06,5.862107130515875e-05,0.000125,-0.000125,0.0,-4.210069444444444e-05
60,recording1_180_0.wav,s1,upstairs,wall,trial1,B0,3,0,recording1,180,0,0.0029696355065086787,0.007491677299368183,0.014201074220853102,0.021692751520221286,0.017157644337090525,45.13836751835651,96.0,-96.0,0.0,-32.166666666666664,1.093886606494095e-06,2.76923502004744e-06,5.255980398815889e-06,8.025215418863329e-06,6.356389082574354e-06,5.877391603952671e-05,0.000125,-0.000125,0.0,-4.188368055555555e-05
61,recording1_225_0.wav,s1,upstairs,wall,trial1,B0,3,0,recording1,225,0,0.003163931680322716,0.008552541103828429,0.012687966843911734,0.021240507947740163,0.01610651286973638,38.98895855096528,96.0,-96.0,0.0,-47.833333333333336,1.174809633759009e-06,3.1798793994634517e-06,4.680129307046158e-06,7.86000870650961e-06,5.960539122929989e-06,5.076687311323605e-05,0.000125,-0.000125,0.0,-6.228298611111111e-05
62,recording1_270_0.wav,s1,upstairs,wall,trial1,B0,3,0,recording1,270,0,0.004216481141712827,0.010658608906669986,0.015868218455933857,0.026526827362603842,0.02061586748344628,44.90267252625394,96.0,-96.0,0.0,-63.5,1.5723015841016348e-06,3.972254845082633e-06,5.829969745749006e-06,9.802224590831639e-06,7.596402672008801e-06,5.8467021518559817e-05,0.000125,-0.000125,0.0,-8.268229166666668e-05
63,recording1_315_0.wav,s1,upstairs,wall,trial1,B0,3,0,recording1,315,0,0.0039099427272314006,0.010327196236630025,0.0198302931162969,0.030157489352926926,0.024384369376077696,44.90267252625394,96.0,-96.0,0.0,-63.5,1.461806055010964e-06,3.8509481365746305e-06,7.249915894921116e-06,1.1100864031495747e-05,8.949903290368746e-06,5.8467021518559817e-05,0.000125,-0.000125,0.0,-8.268229166666668e-05
64,recording0_0_0.wav,s1,upstairs,wall,trial1,B1,3,45,recording0,0,0,0.004523255911079716,0.013417289036210133,0.01489472999450942,0.028312019030719553,0.02325383105252329,58.23348597575873,192.0,-142.0,50.0,-39.833333333333336,1.7025305895602171e-06,5.020752740894519e-06,5.270796375522364e-06,1.0291549116416883e-05,8.423967572969122e-06,7.582485153093585e-05,0.00025,-0.00018489583333333333,6.510416666666667e-05,-5.186631944444444e-05
65,recording0_45_0.wav,s1,upstairs,wall,trial1,B1,3,45,recording0,45,0,0.0036735488171241804,0.01085435253480646,0.013304566741537415,0.024158919276343876,0.020414766070697837,36.37497613592192,98.0,-49.0,49.0,-16.166666666666668,1.3310328147844773e-06,3.942384678733767e-06,4.899431786608354e-06,8.841816465342121e-06,7.4683816908300015e-06,4.736325017698166e-05,0.00012760416666666665,-6.380208333333333e-05,6.380208333333333e-05,-2.105034722222222e-05
66,recording0_90_0.wav,s1,upstairs,wall,trial1,B1,3,45,recording0,90,0,0.0029965767460118603,0.009357095485656981,0.009675235622528191,0.019032331108185172,0.01496105709080627,45.73261661245967,146.0,-97.0,49.0,-31.833333333333332,1.0809093027019902e-06,3.3874118210301658e-06,3.5894919332151595e-06,6.976903754245325e-06,5.503144246455645e-06,5.954767788080685e-05,0.00019010416666666665,-0.00012630208333333333,6.380208333333333e-05,-4.144965277777778e-05
67,recording0_135_0.wav,s1,upstairs,wall,trial1,B1,3,45,recording0,135,0,0.002867420918624431,0.007672133777256193,0.011073890706188827,0.01874602448344502,0.014692561138718278,68.12182714323899,193.0,-97.0,96.0,0.5,1.0387601033280594e-06,2.7817027183894233e-06,4.0872294338799494e-06,6.868932152269373e-06,5.39580744772488e-06,8.870029575942578e-05,0.0002513020833333333,-0.00012630208333333333,0.000125,6.51041666666665e-07
68,recording0_180_0.wav,s1,upstairs,wall,trial1,B1,3,45,recording0,180,0,0.002194120806877803,0.005982055612693157,0.014222098725111935,0.02020415433780509,0.016542346917347305,45.254833995939045,144.0,-96.0,48.0,-32.0,7.987662640739485e-07,2.1652953370609387e-06,5.267919080114616e-06,7.433214417175555e-06,6.093474500367076e-06,5.8925565098878955e-05,0.0001875,-0.000125,6.25e-05,-4.1666666666666665e-05
69,recording0_225_0.wav,s1,upstairs,wall,trial1,B1,3,45,recording0,225,0,0.0026001516115370872,0.006609725651862561,0.012798418922122315,0.019408144573984876,0.015823060354219567,45.197406513599375,144.0,-96.0,48.0,-31.833333333333332,9.5646139507033e-07,2.440525040824722e-06,4.699266333527308e-06,7.13979137435203e-06,5.820147057093426e-06,5.885078973124919e-05,0.0001875,-0.000125,6.25e-05,-4.144965277777778e-05
70,recording0_270_0.wav,s1,upstairs,wall,trial1,B1,3,45,recording0,270,0,0.0033146887450003753,0.008175042240492727,0.01543466678252962,0.023609709023022347,0.018997931311762115,36.0759230266146,97.0,-48.0,49.0,-15.833333333333334,1.2168268532532786e-06,2.996729976367205e-06,5.679304047270892e-06,8.676034023638097e-06,6.980981928690804e-06,4.697385810757111e-05,0.00012630208333333333,-6.25e-05,6.380208333333333e-05,-2.0616319444444445e-05
71,recording0_315_0.wav,s1,upstairs,wall,trial1,B1,3,45,recording0,315,0,0.004289446918853444,0.014090676918592601,0.014210418755324708,0.02830109567391731,0.022541199168091174,57.86310472908353,191.0,-142.0,49.0,-40.166666666666664,1.6135490397111083e-06,5.29245817522883e-06,5.016293508017186e-06,1.0308751683246016e-05,8.16951268267827e-06,7.534258428266085e-05,0.00024869791666666665,-0.00018489583333333333,6.380208333333333e-05,-5.2300347222222224e-05
72,recording1_0_0.wav,s1,upstairs,wall,trial1,B1,3,45,recording1,0,0,0.004280307775561113,0.012866777216722853,0.012608231785275049,0.0254750090019979,0.02054569684056071,57.97700693665838,191.0,-142.0,49.0,-40.0,1.6061032650458258e-06,4.822181863332775e-06,4.492928624226509e-06,9.315110487559284e-06,7.488831448539347e-06,7.549089444877391e-05,0.00024869791666666665,-0.00018489583333333333,6.380208333333333e-05,-5.208333333333332e-05
73,recording1_45_0.wav,s1,upstairs,wall,trial1,B1,3,45,recording1,45,0,0.0027831440375918476,0.007541416651757008,0.014777961997361842,0.02231937864911885,0.018219961319907305,35.77708763999664,96.0,-48.0,48.0,-16.0,1.0195476740745663e-06,2.752255065714557e-06,5.456785278329847e-06,8.209040344044403e-06,6.705518362856807e-06,4.6584749531245616e-05,0.000125,-6.25e-05,6.25e-05,-2.0833333333333333e-05
74,recording1_90_0.wav,s1,upstairs,wall,trial1,B1,3,45,recording1,90,0,0.002913677055121764,0.009239811916779724,0.010560613793682913,0.019800425710462637,0.015201984350818779,36.08054261725501,98.0,-49.0,49.0,-15.833333333333334,1.0596624717597565e-06,3.363802335252557e-06,3.927976829595329e-06,7.2917791648478855e-06,5.604766126749408e-06,4.69798731995508e-05,0.00012760416666666665,-6.380208333333333e-05,6.380208333333333e-05,-2.061631944444444e-05
75,recording1_135_0.wav,s1,upstairs,wall,trial1,B1,3,45,recording1,135,0,0.002701714521345044,0.007066014552592797,0.010617928292591835,0.01768394284518463,0.013886443830048835,64.37908563086825,191.0,-96.0,95.0,-8.0,9.96928580532444e-07,2.6418518735497154e-06,3.920135132464503e-06,6.561987006014218e-06,5.13073018496089e-06,8.382693441519303e-05,0.0002486979166666667,-0.000125,0.00012369791666666668,-1.0416666666666663e-05
76,recording1_180_0.wav,s1,upstairs,wall,trial1,B1,3,45,recording1,180,0,0.0017700636731880568,0.004129790428383132,0.013430448691397465,0.017560239119780597,0.01480307100473142,35.77708763999664,96.0,-96.0,0.0,-32.0,6.278419414034804e-07,1.454315413496793e-06,5.018137070246241e-06,6.472452483743034e-06,5.493304654839235e-06,4.6584749531245616e-05,0.000125,-0.000125,0.0,-4.1666666666666665e-05
77,recording1_225_0.wav,s1,upstairs,wall,trial1,B1,3,45,recording1,225,0,0.0011129647066016302,0.003096284556134872,0.01381620984340435,0.01691249439953922,0.01572838642508019,22.627416997969522,48.0,-48.0,0.0,-16.0,4.0497456974486453e-07,1.1110737939806595e-06,5.117649728544325e-06,6.228723522524985e-06,5.827720609290883e-06,2.946278254943948e-05,6.25e-05,-6.25e-05,0.0,-2.0833333333333333e-05
78,recording1_270_0.wav,s1,upstairs,wall,trial1,B1,3,45,recording1,270,0,0.0018601494193647998,0.005371164618957081,0.01528680941802035,0.02065797403697743,0.017673239311430625,22.627416997969522,48.0,-48.0,0.0,-16.0,6.655733784067971e-07,1.902057640225717e-06,5.7097709823587675e-06,7.6118286225844845e-06,6.534660403247629e-06,2.946278254943948e-05,6.25e-05,-6.25e-05,0.0,-2.0833333333333333e-05
79,recording1_315_0.wav,s1,upstairs,wall,trial1,B1,3,45,recording1,315,0,0.004177286226002988,0.013508021510883178,0.012391541434035019,0.025899562944918197,0.019996721477745342,36.37497613592192,98.0,-49.0,49.0,-16.166666666666668,1.5201728213096361e-06,4.918644322923501e-06,4.586267659004769e-06,9.50491198192827e-06,7.3400487811236455e-06,4.736325017698166e-05,0.00012760416666666665,-6.380208333333333e-05,6.380208333333333e-05,-2.105034722222222e-05
80,recording0_0_0.wav,s1,upstairs,wall,trial1,B2,3,90,recording0,0,0,0.00876741165605179,0.02057507371632314,0.018252703601643022,0.03882777731796616,0.025995819996848756,78.18088001551274,192.0,-95.0,97.0,0.5,3.1996539416044263e-06,7.493833094720819e-06,6.64674301597569e-06,1.4140576110696509e-05,9.475057379127228e-06,0.00010179802085353222,0.00025,-0.00012369791666666668,0.00012630208333333333,6.510416666666582e-07
81,recording0_45_0.wav,s1,upstairs,wall,trial1,B2,3,90,recording0,45,0,0.005926294705761386,0.014198696649907501,0.015174445221518675,0.029373141871426176,0.02004831658233708,77.97649218407643,192.0,-96.0,96.0,0.0,2.186714491755536e-06,5.226726969811965e-06,5.53745977262297e-06,1.0764186742434935e-05,7.342074822001078e-06,0.00010153189086468286,0.00025,-0.000125,0.000125,4.517509052022935e-21
82,recording0_90_0.wav,s1,upstairs,wall,trial1,B2,3,90,recording0,90,0,0.0037925849739900036,0.009227402595785852,0.012728496358138193,0.021955898953924045,0.01601254801072727,46.31054595517814,146.0,-49.0,97.0,24.0,1.4007341065222897e-06,3.399225897489408e-06,4.696994974654956e-06,8.096220872144364e-06,5.897472474846233e-06,6.030019004580487e-05,0.00019010416666666665,-6.380208333333333e-05,0.00012630208333333333,3.1249999999999994e-05
83,recording0_135_0.wav,s1,upstairs,wall,trial1,B2,3,90,recording0,135,0,0.004696440559583168,0.012160123961241392,0.010096803120915385,0.022256927082156777,0.01590804785440213,45.87210481327405,144.0,-48.0,96.0,24.5,1.718582934960752e-06,4.448139569469531e-06,3.7320792997873842e-06,8.180218869256916e-06,5.850443515378737e-06,5.9729303142283916e-05,0.0001875,-6.25e-05,0.000125,3.190104166666667e-05
84,recording0_180_0.wav,s1,upstairs,wall,trial1,B2,3,90,recording0,180,0,0.007080203513247525,0.015511860786047374,0.014056359990861822,0.029568220776909196,0.01933850377399132,39.19467083956979,96.0,0.0,96.0,48.333333333333336,2.6030900922081704e-06,5.687121572459505e-06,5.169913145249325e-06,1.085703471770883e-05,7.094262832711983e-06,5.1034727655689826e-05,0.000125,0.0,0.000125,6.293402777777779e-05
85,recording0_225_0.wav,s1,upstairs,wall,trial1,B2,3,90,recording0,225,0,0.0058959581979872505,0.014265318669112102,0.012274603867846727,0.02653992253695883,0.017776513142394743,62.22807512155051,192.0,-96.0,96.0,0.0,2.172808276254656e-06,5.243323671580114e-06,4.535543801734574e-06,9.778867473314688e-06,6.5467544657293225e-06,8.102613948118555e-05,0.00025,-0.000125,0.000125,0.0
86,recording0_270_0.wav,s1,upstairs,wall,trial1,B2,3,90,recording0,270,0,0.00807815071122401,0.01838996726056877,0.011845754510133377,0.030235721770702148,0.018691281954922197,69.74477280293723,191.0,-95.0,96.0,8.0,2.960077493277709e-06,6.751645390322118e-06,4.323339937219735e-06,1.1074985327541853e-05,6.8547268587871465e-06,9.081350625382453e-05,0.0002486979166666667,-0.00012369791666666668,0.000125,1.0416666666666666e-05
87,recording0_315_0.wav,s1,upstairs,wall,trial1,B2,3,90,recording0,315,0,0.008878240657180044,0.020382222759990715,0.017417324534926205,0.03779954729491692,0.024692577543852946,78.18016940944096,192.0,-96.0,96.0,0.16666666666666666,3.2356639314538813e-06,7.422350604046771e-06,6.3720711668790095e-06,1.379442177092578e-05,9.020111170658955e-06,0.00010179709558520959,0.00025,-0.000125,0.000125,2.1701388888888758e-07
88,recording1_0_0.wav,s1,upstairs,wall,trial1,B2,3,90,recording1,0,0,0.007717055236343245,0.018105971712662067,0.016298608813481913,0.03440458052614398,0.023684434864095938,77.7719243829174,191.0,-95.0,96.0,0.16666666666666666,2.8338163977696734e-06,6.654654446598985e-06,5.982160845602543e-06,1.2636815292201528e-05,8.696965557733361e-06,0.00010126552654025703,0.0002486979166666667,-0.00012369791666666668,0.000125,2.170138888888921e-07
89,recording1_45_0.wav,s1,upstairs,wall,trial1,B2,3,90,recording1,45,0,0.006216123240047443,0.015114431854159102,0.013082895785387745,0.028197327639546847,0.018618020626820535,77.7719243829174,191.0,-95.0,96.0,0.16666666666666666,2.297835019205793e-06,5.564950762572992e-06,4.810198720431934e-06,1.0375149483004926e-05,6.848980761564884e-06,0.00010126552654025703,0.0002486979166666667,-0.00012369791666666668,0.000125,2.170138888888921e-07
90,recording1_90_0.wav,s1,upstairs,wall,trial1,B2,3,90,recording1,90,0,0.004764335563244385,0.012083717980210459,0.012454638074389669,0.024538356054600127,0.016503178016083038,45.197406513599375,144.0,-48.0,96.0,16.166666666666668,1.7579153719040974e-06,4.430264092667968e-06,4.630635385033783e-06,9.060899477701751e-06,6.095361852542741e-06,5.885078973124919e-05,0.0001875,-6.25e-05,0.000125,2.105034722222222e-05
91,recording1_135_0.wav,s1,upstairs,wall,trial1,B2,3,90,recording1,135,0,0.0049407388598055576,0.01235070437670226,0.010442291468676607,0.022792995845378868,0.01578068957784801,52.973001509154535,145.0,-49.0,96.0,32.166666666666664,1.8278633896537635e-06,4.521958908980742e-06,3.883938889844806e-06,8.405897798825548e-06,5.815433761253523e-06,6.897526238171164e-05,0.00018880208333333333,-6.380208333333333e-05,0.000125,4.188368055555555e-05
92,recording1_180_0.wav,s1,upstairs,wall,trial1,B2,3,90,recording1,180,0,0.006763019827721378,0.014995341859502872,0.012446513060689267,0.02744185492019214,0.017810546480228718,53.17084623070136,145.0,-49.0,96.0,31.833333333333332,2.503872495723739e-06,5.549845558249526e-06,4.586808077136075e-06,1.0136653635385601e-05,6.5626117125194715e-06,6.923287269622573e-05,0.00018880208333333333,-6.380208333333333e-05,0.000125,4.1449652777777784e-05
93,recording1_225_0.wav,s1,upstairs,wall,trial1,B2,3,90,recording1,225,0,0.006686060276584231,0.01511911530164425,0.012308549021642648,0.027427664323286898,0.017739763522671436,65.76832233090809,192.0,-96.0,96.0,-15.833333333333334,2.463739145631007e-06,5.59040294134907e-06,4.528896457550831e-06,1.0119299398899901e-05,6.548726255710881e-06,8.56358363683699e-05,0.00025,-0.000125,0.000125,-2.0616319444444445e-05
94,recording1_270_0.wav,s1,upstairs,wall,trial1,B2,3,90,recording1,270,0,0.00800729808887571,0.018044633545008036,0.011173502876598393,0.02921813642160643,0.017823987931140536,77.97649218407643,192.0,-96.0,96.0,0.0,2.943649687236128e-06,6.630958183997711e-06,4.132181702610151e-06,1.0763139886607862e-05,6.574678861497704e-06,0.00010153189086468286,0.00025,-0.000125,0.000125,4.517509052022935e-21
95,recording1_315_0.wav,s1,upstairs,wall,trial1,B2,3,90,recording1,315,0,0.008264392333363927,0.018988005979995337,0.017017429971486656,0.03600543595148199,0.023782627815309303,78.38367176906169,192.0,-96.0,96.0,0.0,3.01437774389033e-06,6.919832148659574e-06,6.262713498456795e-06,1.318254564711637e-05,8.726869759905833e-06,0.00010206207261596574,0.00025,-0.000125,0.000125,0.0
96,recording0_0_0.wav,s1,upstairs,wall,trial1,C0,5,0,recording0,0,0,0.005692745137791571,0.014189020207560223,0.01834002230745283,0.032529042515013054,0.02353376872766824,44.78342947514801,95.0,-95.0,0.0,-63.333333333333336,2.1017002805238347e-06,5.2323540557937384e-06,6.6803002414830685e-06,1.1912654297276807e-05,8.587458179018933e-06,5.831175712909897e-05,0.00012369791666666668,-0.00012369791666666668,0.0,-8.246527777777778e-05
97,recording0_45_0.wav,s1,upstairs,wall,trial1,C0,5,0,recording0,45,0,0.0037434008192690975,0.009399760366190276,0.013210032052402728,0.022609792418593004,0.01739443081564924,45.02098276236192,96.0,-96.0,0.0,-63.666666666666664,1.3860549546046488e-06,3.4595339738616578e-06,4.857800942044098e-06,8.317334915905756e-06,6.386507797198791e-06,5.862107130515875e-05,0.000125,-0.000125,0.0,-8.289930555555557e-05
98,recording0_90_0.wav,s1,upstairs,wall,trial1,C0,5,0,recording0,90,0,0.0018544744533011432,0.0049610453622794745,0.012973904074276659,0.017934949436556134,0.015487504177447936,39.19360775546044,96.0,-96.0,0.0,-48.166666666666664,6.946779239634692e-07,1.8367238516945466e-06,4.78687447499475e-06,6.623598326689296e-06,5.7139697250840265e-06,5.1033343431589113e-05,0.000125,-0.000125,0.0,-6.271701388888889e-05
99,recording0_135_0.wav,s1,upstairs,wall,trial1,C0,5,0,recording0,135,0,0.0017944542540038024,0.004718961945549972,0.01359860220039796,0.018317564145947932,0.016141734861612387,39.19467083956979,96.0,-96.0,0.0,-48.333333333333336,6.79221230398829e-07,1.7954204465157682e-06,4.993382742367539e-06,6.788803188883307e-06,5.94957178270095e-06,5.1034727655689826e-05,0.000125,-0.000125,0.0,-6.293402777777778e-05
100,recording0_180_0.wav,s1,upstairs,wall,trial1,C0,5,0,recording0,180,0,0.003324658310855408,0.00871856774694962,0.014266494588422524,0.022985062335372144,0.01710065350673751,44.790872085975536,96.0,-96.0,0.0,-63.333333333333336,1.2467508472453877e-06,3.293538992912223e-06,5.177241524044813e-06,8.470780516957036e-06,6.280988588587428e-06,5.832144802861398e-05,0.000125,-0.000125,0.0,-8.246527777777777e-05
101,recording0_225_0.wav,s1,upstairs,wall,trial1,C0,5,0,recording0,225,0,0.0038860398965783467,0.008793259644492728,0.016201884830228344,0.024995144474721072,0.019476801232605447,44.78715093516095,96.0,-96.0,0.0,-63.333333333333336,1.4586319609311492e-06,3.3293079893011436e-06,5.871057886441037e-06,9.20036587574218e-06,7.145440348492852e-06,5.8316602780157496e-05,0.000125,-0.000125,0.0,-8.246527777777778e-05
102,recording0_270_0.wav,s1,upstairs,wall,trial1,C0,5,0,recording0,270,0,0.004926648386711199,0.011832856293945593,0.017909147172244427,0.02974200346619002,0.0224678781501606,44.90267252625394,96.0,-96.0,0.0,-63.5,1.821698817067706e-06,4.3562143522759806e-06,6.553460487988522e-06,1.0909674840264502e-05,8.223821570827846e-06,5.8467021518559817e-05,0.000125,-0.000125,0.0,-8.268229166666668e-05
103,recording0_315_0.wav,s1,upstairs,wall,trial1,C0,5,0,recording0,315,0,0.005872726349371537,0.013453378942050127,0.023604399441107565,0.03705777838315769,0.028689117126642547,44.90267252625394,96.0,-96.0,0.0,-63.5,2.1643310634764885e-06,4.961017750332029e-06,8.57509887429075e-06,1.353611662462278e-05,1.0454526682040259e-05,5.8467021518559817e-05,0.000125,-0.000125,0.0,-8.268229166666668e-05
104,recording1_0_0.wav,s1,upstairs,wall,trial1,C0,5,0,recording1,0,0,0.004864429269908901,0.01185902953493186,0.01792092932048023,0.02977995885541209,0.02246482109347439,44.78342947514801,95.0,-95.0,0.0,-63.333333333333336,1.8029886909858712e-06,4.381429400635769e-06,6.577477839999727e-06,1.0958907240635496e-05,8.248995732451404e-06,5.831175712909897e-05,0.00012369791666666668,-0.00012369791666666668,0.0,-8.246527777777778e-05
105,recording1_45_0.wav,s1,upstairs,wall,trial1,C0,5,0,recording1,45,0,0.0033263943598638747,0.007719135438812204,0.01357223094429056,0.021291366383102764,0.01666827724099091,42.927911148290875,96.0,-96.0,0.0,-55.833333333333336,1.2371054030083172e-06,2.877008291072313e-06,5.006972124084994e-06,7.883980415157307e-06,6.163406074114399e-06,5.589571764100374e-05,0.000125,-0.000125,0.0,-7.269965277777777e-05
106,recording1_90_0.wav,s1,upstairs,wall,trial1,C0,5,0,recording1,90,0,0.0019441811751802613,0.004938466977985459,0.012071375663323891,0.01700984264130935,0.014808989076130938,39.191835884530846,96.0,-96.0,0.0,-48.0,7.270442162613624e-07,1.8414230651199907e-06,4.456396733304064e-06,6.2978197984240544e-06,5.481962276652221e-06,5.103103630798287e-05,0.000125,-0.000125,0.0,-6.25e-05
107,recording1_135_0.wav,s1,upstairs,wall,trial1,C0,5,0,recording1,135,0,0.0022085899308834475,0.005853293150247428,0.01200870733711307,0.0178620004873605,0.01481188663290986,43.08131845707603,96.0,-96.0,0.0,-40.0,8.191699434517164e-07,2.17888383162546e-06,4.4517972073971585e-06,6.6306810390226186e-06,5.49923785976034e-06,5.6095466740984414e-05,0.000125,-0.000125,0.0,-5.208333333333334e-05
108,recording1_180_0.wav,s1,upstairs,wall,trial1,C0,5,0,recording1,180,0,0.0038180640576587236,0.009877739328607752,0.013198193852447235,0.023075933181054987,0.017473863907941624,45.254833995939045,96.0,-96.0,0.0,-32.0,1.4090067476902353e-06,3.6508095183004746e-06,4.8946524541505334e-06,8.545461972451008e-06,6.477466361395396e-06,5.892556509887896e-05,0.000125,-0.000125,0.0,-4.1666666666666665e-05
109,recording1_225_0.wav,s1,upstairs,wall,trial1,C0,5,0,recording1,225,0,0.004526541365675199,0.010473943157764749,0.01568622069249042,0.02616016385025517,0.01935336312796407,45.02098276236192,96.0,-96.0,0.0,-63.666666666666664,1.6750160378747355e-06,3.891842060980493e-06,5.77136969887663e-06,9.663211759857124e-06,7.136660269792631e-06,5.862107130515875e-05,0.000125,-0.000125,0.0,-8.289930555555557e-05
110,recording1_270_0.wav,s1,upstairs,wall,trial1,C0,5,0,recording1,270,0,0.0042824780598987745,0.010335105929262262,0.017645866241690414,0.027980972170952675,0.021725749256643567,44.90267252625394,96.0,-96.0,0.0,-63.5,1.5861152022945322e-06,3.823187960000011e-06,6.4950943557166244e-06,1.0318282315716635e-05,8.001118575359694e-06,5.8467021518559817e-05,0.000125,-0.000125,0.0,-8.268229166666668e-05
111,recording1_315_0.wav,s1,upstairs,wall,trial1,C0,5,0,recording1,315,0,0.005038282825686276,0.011850475883765896,0.01892530949265755,0.030775785376423448,0.023215708433977588,44.90267252625394,96.0,-96.0,0.0,-63.5,1.8576944982307449e-06,4.368652554303182e-06,6.937558054053011e-06,1.1306210608356192e-05,8.51801674384683e-06,5.8467021518559817e-05,0.000125,-0.000125,0.0,-8.268229166666668e-05
112,recording0_0_0.wav,s1,upstairs,wall,trial1,C1,5,45,recording0,0,0,0.004690646406429663,0.014433262387338002,0.013096833497457291,0.027530095884795294,0.020820681664182297,36.525866025173016,98.0,-49.0,49.0,-15.833333333333334,1.7047394417937688e-06,5.230646227990577e-06,4.8229009011352e-06,1.0053547129125776e-05,7.603133737522053e-06,4.755972138694403e-05,0.00012760416666666665,-6.380208333333333e-05,6.380208333333333e-05,-2.061631944444444e-05
113,recording0_45_0.wav,s1,upstairs,wall,trial1,C1,5,45,recording0,45,0,0.003358991605488306,0.010271896083456704,0.011302323079042336,0.02157421916249904,0.017377052175561413,43.48722673255779,98.0,-49.0,49.0,-7.833333333333333,1.2239605593299943e-06,3.7360291336919234e-06,4.177073824675244e-06,7.913102958367167e-06,6.380910841283554e-06,5.6623993141351286e-05,0.00012760416666666665,-6.380208333333333e-05,6.380208333333333e-05,-1.0199652777777777e-05
114,recording0_90_0.wav,s1,upstairs,wall,trial1,C1,5,45,recording0,90,0,0.003070700832966645,0.008246290523238617,0.01188843614373645,0.020134726666975068,0.016846569110139348,36.22959195648404,98.0,-49.0,49.0,-15.5,1.1188331014059277e-06,3.0365192032631816e-06,4.37078629254605e-06,7.407305495809232e-06,6.176280389060434e-06,4.7173947860005265e-05,0.00012760416666666665,-6.380208333333333e-05,6.380208333333333e-05,-2.0182291666666667e-05
115,recording0_135_0.wav,s1,upstairs,wall,trial1,C1,5,45,recording0,135,0,0.0035612323463009104,0.010000172292034683,0.011741774751382647,0.02174194704341733,0.017094483759618934,45.67153258747608,145.0,-96.0,49.0,-31.666666666666668,1.2987940634475086e-06,3.654084434695449e-06,4.320678470362306e-06,7.974762905057755e-06,6.264848231815678e-06,5.9468141389942804e-05,0.00018880208333333333,-0.000125,6.380208333333333e-05,-4.123263888888888e-05
116,recording0_180_0.wav,s1,upstairs,wall,trial1,C1,5,45,recording0,180,0,0.0033150504466112375,0.009148581585623105,0.010938996036327937,0.02008757762195104,0.014987692216273232,39.191835884530846,96.0,-48.0,48.0,0.0,1.2023829413385393e-06,3.3275926219192005e-06,4.042584799342433e-06,7.3701774212616336e-06,5.5258017918698486e-06,5.103103630798287e-05,0.000125,-6.25e-05,6.25e-05,0.0
117,recording0_225_0.wav,s1,upstairs,wall,trial1,C1,5,45,recording0,225,0,0.0017365564320307512,0.004207528067731406,0.01388848072458403,0.018096008792315436,0.015616937610695561,22.512342293851958,48.0,-48.0,0.0,-16.166666666666668,6.231112661106301e-07,1.5417804540205658e-06,5.126692162970678e-06,6.668472616991244e-06,5.779166801987936e-06,2.9312945695119738e-05,6.25e-05,-6.25e-05,0.0,-2.105034722222222e-05
118,recording0_270_0.wav,s1,upstairs,wall,trial1,C1,5,45,recording0,270,0,0.003935040805818524,0.00907728021441459,0.013317801825279231,0.02239508203969382,0.01723506597809524,39.191835884530846,96.0,-48.0,48.0,0.0,1.4354576447722829e-06,3.3303181562738723e-06,4.908064240966245e-06,8.238382397240117e-06,6.335966995173547e-06,5.103103630798287e-05,0.000125,-6.25e-05,6.25e-05,0.0
119,recording0_315_0.wav,s1,upstairs,wall,trial1,C1,5,45,recording0,315,0,0.005017233091427751,0.013851577674738689,0.012354943595627246,0.026206521270365934,0.019216904905880534,36.525866025173016,98.0,-49.0,49.0,-15.833333333333334,1.8274880520766558e-06,5.044464412397359e-06,4.537464302060546e-06,9.581928714457905e-06,7.017062047273224e-06,4.755972138694403e-05,0.00012760416666666665,-6.380208333333333e-05,6.380208333333333e-05,-2.061631944444444e-05
120,recording1_0_0.wav,s1,upstairs,wall,trial1,C1,5,45,recording1,0,0,0.0038138615178334974,0.011166442084602305,0.013432008989087132,0.024598451073689437,0.01954195728011208,36.37612159401029,98.0,-49.0,49.0,-15.666666666666666,1.4015828593285383e-06,4.086754889913931e-06,4.93787518479188e-06,9.024630074705811e-06,7.157322133445388e-06,4.736474165886757e-05,0.00012760416666666665,-6.380208333333333e-05,6.380208333333333e-05,-2.0399305555555554e-05
121,recording1_45_0.wav,s1,upstairs,wall,trial1,C1,5,45,recording1,45,0,0.002982333389813084,0.008718834241793049,0.01159778187456088,0.02031661611635393,0.016851027555531802,36.301591639424785,98.0,-49.0,49.0,-15.833333333333334,1.0782040076821471e-06,3.1320807135507373e-06,4.31597318281166e-06,7.4480538963623975e-06,6.1942169263806995e-06,4.726769744716769e-05,0.00012760416666666665,-6.380208333333333e-05,6.380208333333333e-05,-2.0616319444444445e-05
122,recording1_90_0.wav,s1,upstairs,wall,trial1,C1,5,45,recording1,90,0,0.002907375789061717,0.008549280455756989,0.010391530138665095,0.018940810594422083,0.015254241699549873,36.077077979730504,97.0,-48.0,49.0,-15.333333333333334,1.0649586045303455e-06,3.1302752872765217e-06,3.838917364964977e-06,6.9691926522414986e-06,5.613299858780695e-06,4.697536195277409e-05,0.00012630208333333333,-6.25e-05,6.380208333333333e-05,-1.996527777777778e-05
123,recording1_135_0.wav,s1,upstairs,wall,trial1,C1,5,45,recording1,135,0,0.0025586175194272863,0.006774123580650788,0.011239552388232335,0.018013675968883123,0.014733771933596004,45.19740651359938,144.0,-96.0,48.0,-31.833333333333332,9.258458510032211e-07,2.4488893087136974e-06,4.1695796581577815e-06,6.618468966871479e-06,5.444381281415113e-06,5.885078973124919e-05,0.0001875,-0.000125,6.25e-05,-4.144965277777778e-05
124,recording1_180_0.wav,s1,upstairs,wall,trial1,C1,5,45,recording1,180,0,0.0025095881257387125,0.007362347404175556,0.010613632452296351,0.017975979856471907,0.014257458650522957,35.77708763999664,96.0,-48.0,48.0,-16.0,9.190236291800797e-07,2.6964414172400516e-06,3.931869824308039e-06,6.628311241548091e-06,5.270972764333381e-06,4.6584749531245616e-05,0.000125,-6.25e-05,6.25e-05,-2.0833333333333333e-05
125,recording1_225_0.wav,s1,upstairs,wall,trial1,C1,5,45,recording1,225,0,0.0025907662065913217,0.006594832793623637,0.011540480708289062,0.0181353135019127,0.01471953057086061,22.627416997969522,48.0,-48.0,0.0,-16.0,9.35134268083861e-07,2.3867134901137684e-06,4.285256299606642e-06,6.67196978972041e-06,5.462209577659811e-06,2.946278254943948e-05,6.25e-05,-6.25e-05,0.0,-2.0833333333333333e-05
126,recording1_270_0.wav,s1,upstairs,wall,trial1,C1,5,45,recording1,270,0,0.003008383974653161,0.007346908656551052,0.012104737261348707,0.01945164591789976,0.015288611073162357,35.77708763999664,96.0,-48.0,48.0,-16.0,1.0965996599462859e-06,2.6890455238236024e-06,4.4780102416066614e-06,7.167055765430264e-06,5.645345976452878e-06,4.6584749531245616e-05,0.000125,-6.25e-05,6.25e-05,-2.0833333333333333e-05
127,recording1_315_0.wav,s1,upstairs,wall,trial1,C1,5,45,recording1,315,0,0.004030987427648741,0.011391268395931116,0.01178814509124715,0.023179413487178266,0.01697876717504991,36.15091823023157,97.0,-48.0,49.0,-15.666666666666666,1.476892446987338e-06,4.172209727623858e-06,4.352535844192229e-06,8.524745571816088e-06,6.254651825536318e-06,4.707150811228068e-05,0.00012630208333333333,-6.25e-05,6.380208333333333e-05,-2.0399305555555557e-05
128,recording0_0_0.wav,s1,upstairs,wall,trial1,C2,5,90,recording0,0,0,0.00742566292027454,0.017252515683943544,0.01351054112673615,0.030763056810679694,0.02016154920265659,77.97649218407643,192.0,-96.0,96.0,0.0,2.7300277549302986e-06,6.312434291889838e-06,4.957623962620313e-06,1.127005825451015e-05,7.3903807797599735e-06,0.00010153189086468286,0.00025,-0.000125,0.000125,4.517509052022935e-21
129,recording0_45_0.wav,s1,upstairs,wall,trial1,C2,5,90,recording0,45,0,0.005393153422317604,0.013266163828039496,0.011707637116291355,0.02497380094433085,0.01774123956266527,78.18016940944096,192.0,-95.0,97.0,1.1666666666666667,1.9925388630843196e-06,4.929205923761729e-06,4.254623454094556e-06,9.183829377856284e-06,6.4947353690813835e-06,0.00010179709558520959,0.00025,-0.00012369791666666668,0.00012630208333333333,1.5190972222222221e-06
130,recording0_90_0.wav,s1,upstairs,wall,trial1,C2,5,90,recording0,90,0,0.003529041677231981,0.010291487162018473,0.012775977462938619,0.023067464624957092,0.017110270977488306,46.39833569812128,146.0,-49.0,97.0,24.166666666666668,1.3046851469723401e-06,3.7953153967568013e-06,4.695608613085765e-06,8.490924009842566e-06,6.283274664664246e-06,6.041449960692875e-05,0.00019010416666666665,-6.380208333333333e-05,0.00012630208333333333,3.146701388888889e-05
131,recording0_135_0.wav,s1,upstairs,wall,trial1,C2,5,90,recording0,135,0,0.0034132423771061726,0.008095102965376128,0.013751167259877404,0.021846270225253532,0.01694013214806321,45.55369237382288,145.0,-49.0,96.0,16.166666666666668,1.2623846578198069e-06,2.968078971414158e-06,5.05754016095079e-06,8.025619132364948e-06,6.231616124505935e-06,5.931470361174854e-05,0.00018880208333333333,-6.380208333333333e-05,0.000125,2.105034722222222e-05
132,recording0_180_0.wav,s1,upstairs,wall,trial1,C2,5,90,recording0,180,0,0.005909995573981091,0.014062263164684886,0.01258682930046566,0.026649092465150546,0.01780043573274032,53.36977921383349,145.0,-49.0,96.0,32.0,2.1858394705254214e-06,5.185389925841287e-06,4.631023593734854e-06,9.816413519576141e-06,6.545638660486455e-06,6.949190001801235e-05,0.00018880208333333333,-6.380208333333333e-05,0.000125,4.1666666666666665e-05
133,recording0_225_0.wav,s1,upstairs,wall,trial1,C2,5,90,recording0,225,0,0.005333839074531882,0.012989381262151455,0.012241015158077344,0.0252303964202288,0.016890027679222548,60.04627844883941,192.0,-96.0,96.0,-16.333333333333332,1.978904730121383e-06,4.809292250893409e-06,4.4941668320910095e-06,9.303459082984419e-06,6.220759814157949e-06,7.818525839692632e-05,0.00025,-0.000125,0.000125,-2.1267361111111108e-05
134,recording0_270_0.wav,s1,upstairs,wall,trial1,C2,5,90,recording0,270,0,0.006174971968901591,0.014592016271526223,0.011356627485321081,0.025948643756847304,0.01668226180622166,60.04627844883941,192.0,-96.0,96.0,16.333333333333332,2.268616679141124e-06,5.375496773436886e-06,4.164526599152291e-06,9.540023372589176e-06,6.14098016077154e-06,7.818525839692632e-05,0.00025,-0.000125,0.000125,2.1267361111111108e-05
135,recording0_315_0.wav,s1,upstairs,wall,trial1,C2,5,90,recording0,315,0,0.00774923671074455,0.01829942394237345,0.013941158883885318,0.03224058282625877,0.020593348957786535,78.18016940944096,192.0,-96.0,96.0,0.16666666666666666,2.8389272041135605e-06,6.7082069555069275e-06,5.087727193008156e-06,1.1795934148515084e-05,7.541094064389593e-06,0.00010179709558520959,0.00025,-0.000125,0.000125,2.1701388888888758e-07
136,recording1_0_0.wav,s1,upstairs,wall,trial1,C2,5,90,recording1,0,0,0.006875063033174877,0.015929325407089447,0.012805443620039169,0.028734769027128616,0.01860140117950392,77.97649218407643,192.0,-96.0,96.0,0.0,2.5386039105577074e-06,5.879409823286065e-06,4.714037283950754e-06,1.0593447107236819e-05,6.851771570516417e-06,0.00010153189086468286,0.00025,-0.000125,0.000125,4.517509052022935e-21
137,recording1_45_0.wav,s1,upstairs,wall,trial1,C2,5,90,recording1,45,0,0.005908788705186553,0.014857591311301807,0.011905321590521295,0.026762912901823102,0.017250540277124932,58.270680639771335,146.0,-49.0,97.0,40.166666666666664,2.171413928868445e-06,5.4534203876676006e-06,4.3867782456258615e-06,9.840198633293462e-06,6.3477725115083065e-06,7.58732820830356e-05,0.00019010416666666665,-6.380208333333333e-05,0.00012630208333333333,5.2300347222222224e-05
138,recording1_90_0.wav,s1,upstairs,wall,trial1,C2,5,90,recording1,90,0,0.004130792475016021,0.011962693756568256,0.011289492225438943,0.0232521859820072,0.016179738907396476,62.22986064226365,192.0,-95.0,97.0,0.6666666666666666,1.5265866099031408e-06,4.4043465750006035e-06,4.167222052132642e-06,8.571568627133245e-06,5.957748258916562e-06,8.102846437794747e-05,0.00025,-0.00012369791666666668,0.00012630208333333333,8.680555555555503e-07
139,recording1_135_0.wav,s1,upstairs,wall,trial1,C2,5,90,recording1,135,0,0.003464379160222653,0.008279839178893425,0.012333080205171362,0.020612919384064787,0.015659288379103842,45.78573285788198,144.0,-48.0,96.0,24.0,1.2741522666651456e-06,3.0570412185918913e-06,4.561528911175287e-06,7.618570129767179e-06,5.7784123516232604e-06,5.961683965870049e-05,0.0001875,-6.25e-05,0.000125,3.125e-05
140,recording1_180_0.wav,s1,upstairs,wall,trial1,C2,5,90,recording1,180,0,0.006133146635143612,0.014174553727792041,0.01185694056211278,0.02603149428990482,0.01685130644436573,60.22365721947554,145.0,-49.0,96.0,15.666666666666666,2.2729455448508216e-06,5.248332712185285e-06,4.34700539349889e-06,9.595338105684176e-06,6.2171505533972865e-06,7.841622033785877e-05,0.00018880208333333333,-6.380208333333333e-05,0.000125,2.0399305555555557e-05
141,recording1_225_0.wav,s1,upstairs,wall,trial1,C2,5,90,recording1,225,0,0.005168317743176093,0.011730301935611314,0.011355736252206912,0.023086038187818226,0.015589643463011357,62.22807512155051,192.0,-96.0,96.0,0.0,1.9187324885779167e-06,4.355369068091851e-06,4.1785956532784065e-06,8.533964721370258e-06,5.753538949126824e-06,8.102613948118555e-05,0.00025,-0.000125,0.000125,0.0
142,recording1_270_0.wav,s1,upstairs,wall,trial1,C2,5,90,recording1,270,0,0.005969114885407406,0.013490066339547961,0.011696208771170034,0.025186275110717995,0.016718243994552576,78.18230120828001,193.0,-97.0,96.0,-0.16666666666666666,2.2133475762533233e-06,4.996911078592597e-06,4.309484749976237e-06,9.306395828568834e-06,6.173190795680619e-06,0.00010179987136494793,0.0002513020833333333,-0.00012630208333333333,0.000125,-2.1701388888888305e-07
143,recording1_315_0.wav,s1,upstairs,wall,trial1,C2,5,90,recording1,315,0,0.007017979967881267,0.015723209657489877,0.01221122666707305,0.02793443632456293,0.018054887495563648,77.97649218407643,192.0,-96.0,96.0,0.0,2.579180380836531e-06,5.780686661205773e-06,4.501264612181293e-06,1.0281951273387067e-05,6.651955480755446e-06,0.00010153189086468286,0.00025,-0.000125,0.000125,4.517509052022935e-21
144,recording0_0_0.wav,s1,upstairs,wall,trial2,A0,1,0,recording0,0,0,0.005707751677684285,0.014868304691121638,0.03615741248005691,0.05102571717117855,0.04284326005678358,41.96195366704886,96.0,-95.0,1.0,-55.166666666666664,2.2284082227412115e-06,5.594585157301265e-06,1.284784529845723e-05,1.8442430455758495e-05,1.528755676482134e-05,5.463796050396988e-05,0.000125,-0.00012369791666666668,1.3020833333333333e-06,-7.183159722222222e-05
145,recording0_45_0.wav,s1,upstairs,wall,trial2,A0,1,0,recording0,45,0,0.006275867427969428,0.015523205977885791,0.035210910597543714,0.050734116575429505,0.04093661480093987,44.078213313255894,94.0,-94.0,0.0,-62.333333333333336,2.4664639119257868e-06,6.107028307652898e-06,1.2302078815724948e-05,1.8409107123377845e-05,1.4593039910735777e-05,5.739350691830194e-05,0.00012239583333333332,-0.00012239583333333332,0.0,-8.116319444444444e-05
146,recording0_90_0.wav,s1,upstairs,wall,trial2,A0,1,0,recording0,90,0,0.004295096845515513,0.01187202906401568,0.025467221698901525,0.037339250762917206,0.030048883222164452,44.31202495435698,94.0,-94.0,0.0,-62.666666666666664,1.6710640196007664e-06,4.571610030069e-06,9.00735502875394e-06,1.3578965058822939e-05,1.0773946163197953e-05,5.769794915931898e-05,0.00012239583333333332,-0.00012239583333333332,0.0,-8.159722222222222e-05
147,recording0_135_0.wav,s1,upstairs,wall,trial2,A0,1,0,recording0,135,0,0.0021716617420867246,0.006313130521291815,0.015949141680128027,0.022262272201419842,0.01887349692478314,38.787526631924116,95.0,-95.0,0.0,-47.833333333333336,8.109771743427115e-07,2.344476030890057e-06,5.853957828117872e-06,8.19843385900793e-06,6.9503258959171865e-06,5.050459196865119e-05,0.00012369791666666668,-0.00012369791666666668,0.0,-6.228298611111111e-05
148,recording0_180_0.wav,s1,upstairs,wall,trial2,A0,1,0,recording0,180,0,0.0014575774063040894,0.004269479514020243,0.018004999035526534,0.022274478549546776,0.020776320937425485,44.90638410441586,143.0,-96.0,47.0,-32.5,5.234342753519812e-07,1.5410748376118242e-06,6.63467780427763e-06,8.175752641889454e-06,7.618422826659587e-06,5.847185430262482e-05,0.00018619791666666665,-0.000125,6.119791666666666e-05,-4.2317708333333335e-05
149,recording0_225_0.wav,s1,upstairs,wall,trial2,A0,1,0,recording0,225,0,0.003148111592736974,0.00991648450351787,0.021802168939160163,0.03171865344267803,0.027375149975787102,42.979323194092096,144.0,-97.0,47.0,-40.333333333333336,1.1286233361419314e-06,3.5765613395909184e-06,7.95467290506813e-06,1.1531234244659048e-05,9.931651984417933e-06,5.5962660408974066e-05,0.0001875,-0.00012630208333333333,6.119791666666666e-05,-5.251736111111111e-05
150,recording0_270_0.wav,s1,upstairs,wall,trial2,A0,1,0,recording0,270,0,0.003906380730043185,0.011598439145736432,0.02581433033821539,0.03741276948395182,0.031695401870172855,43.293571501244074,145.0,-98.0,47.0,-41.0,1.4482824863374043e-06,4.147839205333019e-06,9.429445941037881e-06,1.35772851463709e-05,1.1395196819606762e-05,5.6371837892244885e-05,0.0001888020833333333,-0.00012760416666666665,6.119791666666666e-05,-5.338541666666666e-05
151,recording0_315_0.wav,s1,upstairs,wall,trial2,A0,1,0,recording0,315,0,0.002120286458509747,0.0063636895367692806,0.03051521729870809,0.03687890683547737,0.03387115979985519,38.82725274282943,98.0,-96.0,2.0,-48.333333333333336,7.982610509308952e-07,2.3605938331784917e-06,1.1055604342384164e-05,1.3416198175562655e-05,1.2186034923488499e-05,5.055631867555915e-05,0.00012760416666666668,-0.000125,2.6041666666666666e-06,-6.293402777777778e-05
152,recording1_0_0.wav,s1,upstairs,wall,trial2,A0,1,0,recording1,0,0,0.005656149106354931,0.015344957055418128,0.03395540289652457,0.0493003599519427,0.04150004462906697,42.11360297523302,96.0,-95.0,1.0,-55.333333333333336,2.1836381868201176e-06,5.767412277470886e-06,1.2095258306994413e-05,1.78626705844653e-05,1.4870988215547794e-05,5.4835420540667996e-05,0.000125,-0.00012369791666666668,1.3020833333333333e-06,-7.20486111111111e-05
153,recording1_45_0.wav,s1,upstairs,wall,trial2,A0,1,0,recording1,45,0,0.00557119104825837,0.013386584168478488,0.033983030960470964,0.04736961512894945,0.038458069294355884,44.31202495435698,94.0,-94.0,0.0,-62.666666666666664,2.1707488410712264e-06,5.134754649592955e-06,1.2109377294142181e-05,1.7244131943735136e-05,1.3803556800061056e-05,5.769794915931898e-05,0.00012239583333333332,-0.00012239583333333332,0.0,-8.159722222222222e-05
154,recording1_90_0.wav,s1,upstairs,wall,trial2,A0,1,0,recording1,90,0,0.0041641483328034275,0.011432610858985913,0.027601528423961748,0.03903413928294766,0.03194069145075378,44.31202495435698,94.0,-94.0,0.0,-62.666666666666664,1.622525429434067e-06,4.403923991693869e-06,9.840842647966737e-06,1.4244766639660606e-05,1.1516201699503966e-05,5.769794915931898e-05,0.00012239583333333332,-0.00012239583333333332,0.0,-8.159722222222222e-05
155,recording1_135_0.wav,s1,upstairs,wall,trial2,A0,1,0,recording1,135,0,0.0019531029282646385,0.005160829124958726,0.016038971718506313,0.02119980084346504,0.01846650649713049,38.787526631924116,95.0,-95.0,0.0,-47.833333333333336,7.34390302807863e-07,1.9395014430734344e-06,5.910696795513132e-06,7.850198238586566e-06,6.825379979373276e-06,5.050459196865119e-05,0.00012369791666666668,-0.00012369791666666668,0.0,-6.228298611111111e-05
156,recording1_180_0.wav,s1,upstairs,wall,trial2,A0,1,0,recording1,180,0,0.0014675977023350707,0.004796252214315715,0.017025951017817134,0.02182220323213285,0.019737094445613324,33.07399112427904,97.0,-96.0,1.0,-40.333333333333336,5.344650609016716e-07,1.7630873079769186e-06,6.276901649564177e-06,8.039988957541095e-06,7.268642573637066e-06,4.3065092609738334e-05,0.00012630208333333333,-0.000125,1.3020833333333333e-06,-5.251736111111111e-05
157,recording1_225_0.wav,s1,upstairs,wall,trial2,A0,1,0,recording1,225,0,0.0029831202990008264,0.008276762981898805,0.023151960073747577,0.03142872305564638,0.027549166521260535,43.03745139087841,144.0,-97.0,47.0,-40.666666666666664,1.0821022869884892e-06,2.964970603397917e-06,8.454595819944066e-06,1.1419566423341983e-05,9.998337660049514e-06,5.603834816520626e-05,0.0001875,-0.00012630208333333333,6.119791666666666e-05,-5.295138888888889e-05
158,recording1_270_0.wav,s1,upstairs,wall,trial2,A0,1,0,recording1,270,0,0.0036975483358128807,0.010509482421535953,0.025414676019571723,0.035924158441107676,0.030830564081672184,43.293571501244074,145.0,-98.0,47.0,-41.0,1.3704561825977735e-06,3.7434770420870997e-06,9.329786107959292e-06,1.3073263150046392e-05,1.1116490671460397e-05,5.6371837892244885e-05,0.0001888020833333333,-0.00012760416666666665,6.119791666666666e-05,-5.338541666666666e-05
159,recording1_315_0.wav,s1,upstairs,wall,trial2,A0,1,0,recording1,315,0,0.0015599328528986304,0.004181227597051165,0.030445475596421658,0.03462670319347282,0.03234107582145846,33.339999333466636,99.0,-97.0,2.0,-55.666666666666664,5.178044011902106e-07,1.5339225863906019e-06,1.1054259209980135e-05,1.2588181796370737e-05,1.168202305747501e-05,4.3411457465451345e-05,0.00012890625,-0.00012630208333333333,2.6041666666666666e-06,-7.24826388888889e-05
160,recording0_0_0.wav,s1,upstairs,wall,trial2,A1,1,45,recording0,0,0,0.002643248203675101,0.008446704657523077,0.04049770055103079,0.048944405208553865,0.04570909121362773,46.02414825091522,147.0,-98.0,49.0,-32.666666666666664,1.0100197562663094e-06,3.217349938086046e-06,1.4482007928806267e-05,1.7699357866892313e-05,1.6497378478176674e-05,5.992727636837918e-05,0.00019140624999999998,-0.00012760416666666665,6.380208333333333e-05,-4.2534722222222216e-05
161,recording0_45_0.wav,s1,upstairs,wall,trial2,A1,1,45,recording0,45,0,0.0034361437208280184,0.01088141728080777,0.03559877249718352,0.04648018977799129,0.04295426373856562,46.14018494400154,147.0,-98.0,49.0,-32.5,1.3118455152681157e-06,4.1337158822310745e-06,1.2703351658622029e-05,1.6837067540853103e-05,1.5517745166913143e-05,6.0078365812502004e-05,0.00019140624999999998,-0.00012760416666666665,6.380208333333333e-05,-4.2317708333333335e-05
162,recording0_90_0.wav,s1,upstairs,wall,trial2,A1,1,45,recording0,90,0,0.0035265026978237605,0.01072362833451497,0.02425520229966737,0.03497883063418234,0.031539162832883084,46.14018494400154,147.0,-98.0,49.0,-32.5,1.3216359742300264e-06,3.982026624474793e-06,8.66942385385361e-06,1.2651450478328403e-05,1.1415025125473396e-05,6.0078365812502004e-05,0.00019140624999999998,-0.00012760416666666665,6.380208333333333e-05,-4.2317708333333335e-05
163,recording0_135_0.wav,s1,upstairs,wall,trial2,A1,1,45,recording0,135,0,0.0034518344610477004,0.008224517071612869,0.014072524156312098,0.022297041227924967,0.018237006678168365,45.610671265980436,145.0,-96.0,49.0,-16.0,1.2900664137475222e-06,3.085810347833216e-06,5.1756641019942095e-06,8.261474449827425e-06,6.713308190395837e-06,5.938889487757869e-05,0.00018880208333333333,-0.000125,6.380208333333333e-05,-2.0833333333333333e-05
164,recording0_180_0.wav,s1,upstairs,wall,trial2,A1,1,45,recording0,180,0,0.0017968850441148036,0.005615688681217368,0.013626972197676543,0.01924266087889391,0.016733033263360845,35.630823110834186,96.0,-96.0,0.0,-16.333333333333332,6.599082190605697e-07,2.0410791258876196e-06,5.0449859079713035e-06,7.086065033858923e-06,6.178511204281446e-06,4.639430092556535e-05,0.000125,-0.000125,0.0,-2.1267361111111115e-05
165,recording0_225_0.wav,s1,upstairs,wall,trial2,A1,1,45,recording0,225,0,0.003646062893910719,0.009007120675842487,0.014919420887271918,0.023926541563114405,0.018602999513066685,32.951563780123635,97.0,-96.0,1.0,-39.833333333333336,1.3435529276893287e-06,3.338392792980866e-06,5.444364999063394e-06,8.78275779204426e-06,6.829089346500719e-06,4.290568200536931e-05,0.00012630208333333333,-0.000125,1.3020833333333333e-06,-5.186631944444444e-05
166,recording0_270_0.wav,s1,upstairs,wall,trial2,A1,1,45,recording0,270,0,0.003541900804096438,0.010184488211384304,0.02586194359586308,0.036046431807247384,0.030460456843485917,45.614325235244536,146.0,-98.0,48.0,-33.0,1.335896727790094e-06,3.786354662176664e-06,9.257264861295019e-06,1.3043619523471683e-05,1.1005120904177302e-05,5.9393652650057986e-05,0.00019010416666666665,-0.00012760416666666665,6.25e-05,-4.296874999999999e-05
167,recording0_315_0.wav,s1,upstairs,wall,trial2,A1,1,45,recording0,315,0,0.003879378950646544,0.012185712639112334,0.033868876492065145,0.04605458913117748,0.04032282842281307,45.728972095258044,146.0,-98.0,48.0,-32.833333333333336,1.453576751974607e-06,4.572595741343433e-06,1.209686046255197e-05,1.6669456203895403e-05,1.4574019989617058e-05,5.954293241570057e-05,0.00019010416666666665,-0.00012760416666666665,6.25e-05,-4.275173611111111e-05
168,recording1_0_0.wav,s1,upstairs,wall,trial2,A1,1,45,recording1,0,0,0.0025776161545270995,0.00857275484264989,0.03839812967504045,0.04697088451769034,0.04333803951075412,46.02414825091522,147.0,-98.0,49.0,-32.666666666666664,9.878438481726305e-07,3.2790395176746604e-06,1.3757317396075323e-05,1.7036356913749983e-05,1.5678958342673513e-05,5.992727636837918e-05,0.00019140624999999998,-0.00012760416666666665,6.380208333333333e-05,-4.2534722222222216e-05
169,recording1_45_0.wav,s1,upstairs,wall,trial2,A1,1,45,recording1,45,0,0.0031263777352609017,0.010327788231781182,0.0351774859260052,0.04550527415778638,0.04123136194978847,46.14018494400154,147.0,-98.0,49.0,-32.5,1.198219208710556e-06,3.946389539822906e-06,1.260017924770468e-05,1.6546568787527586e-05,1.4933553104378583e-05,6.0078365812502004e-05,0.00019140624999999998,-0.00012760416666666665,6.380208333333333e-05,-4.2317708333333335e-05
170,recording1_90_0.wav,s1,upstairs,wall,trial2,A1,1,45,recording1,90,0,0.0030431962311673784,0.009245724847928342,0.024927545440720213,0.034173270288648555,0.030790407874507163,46.082052423427875,147.0,-98.0,49.0,-32.333333333333336,1.1507881731375487e-06,3.4828766553489537e-06,8.965420894630565e-06,1.2448297549979518e-05,1.1193200529335378e-05,6.000267242633838e-05,0.00019140624999999998,-0.00012760416666666665,6.380208333333333e-05,-4.210069444444444e-05
171,recording1_135_0.wav,s1,upstairs,wall,trial2,A1,1,45,recording1,135,0,0.0031310711694092974,0.007802608969611782,0.014580836591173083,0.022383445560784865,0.017879833563586613,45.19740651359938,144.0,-96.0,48.0,-16.166666666666668,1.1595673491548445e-06,2.8889519196355555e-06,5.401712427530805e-06,8.29066434716636e-06,6.599054054673511e-06,5.8850789731249194e-05,0.0001875,-0.000125,6.25e-05,-2.1050347222222227e-05
172,recording1_180_0.wav,s1,upstairs,wall,trial2,A1,1,45,recording1,180,0,0.0019039142827772272,0.005304472426141821,0.0141615062422326,0.01946597866837442,0.016942411580773958,35.630823110834186,96.0,-96.0,0.0,-16.333333333333332,7.079344935764506e-07,1.941739176560475e-06,5.257337386735181e-06,7.199076563295656e-06,6.283710661092372e-06,4.639430092556535e-05,0.000125,-0.000125,0.0,-2.1267361111111115e-05
173,recording1_225_0.wav,s1,upstairs,wall,trial2,A1,1,45,recording1,225,0,0.0034818237807339412,0.009601914091495994,0.012598474968192448,0.022200389059688443,0.01732105145390437,44.671641514002545,143.0,-96.0,47.0,-32.333333333333336,1.2940831912608185e-06,3.541953406061303e-06,4.633295887629621e-06,8.175249293690924e-06,6.354998640313222e-06,5.816619988802415e-05,0.00018619791666666665,-0.000125,6.119791666666666e-05,-4.210069444444444e-05
174,recording1_270_0.wav,s1,upstairs,wall,trial2,A1,1,45,recording1,270,0,0.0027778738409531853,0.008030671164647042,0.024118375432891546,0.03214904659753859,0.02764205636578887,45.614325235244536,146.0,-98.0,48.0,-33.0,1.0572050833901192e-06,3.011468904591986e-06,8.66660425242072e-06,1.1678073157012705e-05,1.0023937390747412e-05,5.9393652650057986e-05,0.00019010416666666665,-0.00012760416666666665,6.25e-05,-4.296874999999999e-05
175,recording1_315_0.wav,s1,upstairs,wall,trial2,A1,1,45,recording1,315,0,0.0035177953450483174,0.011088799009670414,0.033287371578346964,0.04437617058801738,0.03918942436184316,45.728972095258044,146.0,-98.0,48.0,-32.833333333333336,1.324931467957894e-06,4.166855826922035e-06,1.1918061206487254e-05,1.608491703340929e-05,1.4195397837992383e-05,5.954293241570057e-05,0.00019010416666666665,-0.00012760416666666665,6.25e-05,-4.275173611111111e-05
176,recording0_0_0.wav,s1,upstairs,wall,trial2,A2,1,90,recording0,0,0,0.011033759217286441,0.024918964133768897,0.030770536873163574,0.05568950100693247,0.03914555751419306,76.75067860720625,188.0,-94.0,94.0,0.0,4.098191255119732e-06,9.265574816835713e-06,1.0939225847290678e-05,2.020480066412639e-05,1.4077877158305984e-05,9.993577943646646e-05,0.00024479166666666665,-0.00012239583333333332,0.00012239583333333332,0.0
177,recording0_45_0.wav,s1,upstairs,wall,trial2,A2,1,90,recording0,45,0,0.008199326647851099,0.021804433426305135,0.02610171899392106,0.047906152420226195,0.036073546372847834,76.75212628252645,189.0,-94.0,95.0,0.6666666666666666,3.0865815068647917e-06,8.270212081289222e-06,9.080927763563487e-06,1.735113984485271e-05,1.2949407361123423e-05,9.9937664430373e-05,0.00024609375,-0.00012239583333333332,0.00012369791666666668,8.680555555555639e-07
178,recording0_90_0.wav,s1,upstairs,wall,trial2,A2,1,90,recording0,90,0,0.005204979110726817,0.015263087709462296,0.01872242632832103,0.033985514037783326,0.024791119281384385,69.52937029294407,190.0,-94.0,96.0,8.0,1.9287150307065106e-06,5.637905781850677e-06,6.7071508749951886e-06,1.2345056656845866e-05,8.978389442634314e-06,9.053303423560426e-05,0.0002473958333333333,-0.00012239583333333332,0.000125,1.0416666666666671e-05
179,recording0_135_0.wav,s1,upstairs,wall,trial2,A2,1,90,recording0,135,0,0.0036153479834805584,0.010041133064057996,0.011453806170018295,0.02149493923407629,0.01715026137847462,45.13929059650312,144.0,-48.0,96.0,31.666666666666668,1.3139914630487242e-06,3.655580292061816e-06,4.233413061917345e-06,7.888993353979161e-06,6.30450783652518e-06,5.877511796419678e-05,0.0001875,-6.25e-05,0.000125,4.123263888888888e-05
180,recording0_180_0.wav,s1,upstairs,wall,trial2,A2,1,90,recording0,180,0,0.005768334931375416,0.016740970110633822,0.00949590470447653,0.026236874815110355,0.01677498617377444,32.826141344293816,96.0,-48.0,48.0,-7.666666666666667,2.115798130205703e-06,6.10817934900478e-06,3.528246390808432e-06,9.636425739813213e-06,6.1844003865200096e-06,4.2742371542049234e-05,0.000125,-6.25e-05,6.25e-05,-9.982638888888888e-06
181,recording0_225_0.wav,s1,upstairs,wall,trial2,A2,1,90,recording0,225,0,0.005705149001839856,0.014245541826186557,0.013305003986163081,0.027550545812349638,0.019279341653896612,51.09604246471106,144.0,-96.0,48.0,-7.833333333333333,2.0882636977131538e-06,5.224701811890297e-06,4.884293363026276e-06,1.0108995174916573e-05,7.083742949599527e-06,6.653130529259252e-05,0.0001875,-0.000125,6.25e-05,-1.0199652777777777e-05
182,recording0_270_0.wav,s1,upstairs,wall,trial2,A2,1,90,recording0,270,0,0.008302932506534263,0.021786952243460084,0.019966739823852775,0.04175369206731286,0.02947365078198098,69.45902069245977,189.0,-95.0,94.0,-7.666666666666667,3.0803458263340566e-06,8.09567521106458e-06,7.064647300918238e-06,1.5160322511982819e-05,1.062696108533753e-05,9.0441433193307e-05,0.00024609375,-0.00012369791666666668,0.00012239583333333332,-9.982638888888888e-06
183,recording0_315_0.wav,s1,upstairs,wall,trial2,A2,1,90,recording0,315,0,0.010231239098013071,0.025435501376216155,0.026785730086183263,0.05222123146239942,0.03724351367269336,76.75212628252645,189.0,-95.0,94.0,-0.3333333333333333,3.8183554597815e-06,9.557502149858987e-06,9.415534742269274e-06,1.897303689212826e-05,1.3396314349691094e-05,9.993766443037299e-05,0.00024609375,-0.00012369791666666668,0.00012239583333333332,-4.3402777777777965e-07
184,recording1_0_0.wav,s1,upstairs,wall,trial2,A2,1,90,recording1,0,0,0.009950739750226617,0.02272654146414637,0.031830080329736055,0.054556621793882425,0.03947217232966723,76.75067860720625,188.0,-94.0,94.0,0.0,3.7230174371207244e-06,8.515823041308943e-06,1.1316675042241622e-05,1.9832498083550566e-05,1.4207836004228512e-05,9.993577943646646e-05,0.00024479166666666665,-0.00012239583333333332,0.00012239583333333332,0.0
185,recording1_45_0.wav,s1,upstairs,wall,trial2,A2,1,90,recording1,45,0,0.007723276633705247,0.020278931249669355,0.02694483453962017,0.047223765789289524,0.03586268351214242,69.31910911782471,189.0,-94.0,95.0,7.833333333333333,2.8691479141859794e-06,7.511059478816386e-06,9.612583952922508e-06,1.7123643431738894e-05,1.293229995035029e-05,9.025925666383426e-05,0.00024609375,-0.00012239583333333332,0.00012369791666666668,1.0199652777777789e-05
186,recording1_90_0.wav,s1,upstairs,wall,trial2,A2,1,90,recording1,90,0,0.005369559660245491,0.014460248169508555,0.019322394500782027,0.03378264267029058,0.025092556427065104,69.52937029294407,190.0,-94.0,96.0,8.0,1.995895983707681e-06,5.349989615148377e-06,6.957778985838248e-06,1.2307768600986625e-05,9.114505733911092e-06,9.053303423560426e-05,0.0002473958333333333,-0.00012239583333333332,0.000125,1.0416666666666671e-05
187,recording1_135_0.wav,s1,upstairs,wall,trial2,A2,1,90,recording1,135,0,0.0037262271113816837,0.01027215166754887,0.011764015762218447,0.022036167429767318,0.01679088092206979,52.91817583149795,144.0,-48.0,96.0,16.0,1.3530167719179245e-06,3.7213535376972224e-06,4.375114637850404e-06,8.096468175547626e-06,6.193394381706633e-06,6.890387478059628e-05,0.0001875,-6.25e-05,0.000125,2.0833333333333333e-05
188,recording1_180_0.wav,s1,upstairs,wall,trial2,A2,1,90,recording1,180,0,0.0041817111369401765,0.011296363714168516,0.010193987431276825,0.02149035114544534,0.016311760757877658,39.191835884530846,96.0,-48.0,48.0,0.0,1.5371519558158462e-06,4.1499638598076725e-06,3.7877506109934453e-06,7.937714470801117e-06,6.0283624505989375e-06,5.103103630798287e-05,0.000125,-6.25e-05,6.25e-05,0.0
189,recording1_225_0.wav,s1,upstairs,wall,trial2,A2,1,90,recording1,225,0,0.004502440018422731,0.011776835340492443,0.012120813200804947,0.02389764854129739,0.016989055212938507,32.74650108535771,95.0,-47.0,48.0,8.0,1.6695909130250153e-06,4.365915906078815e-06,4.4712650555780016e-06,8.837180961656816e-06,6.27366535081917e-06,4.263867328822618e-05,0.00012369791666666665,-6.119791666666666e-05,6.25e-05,1.041666666666667e-05
190,recording1_270_0.wav,s1,upstairs,wall,trial2,A2,1,90,recording1,270,0,0.008276368851567977,0.021804894267587714,0.019995936646441823,0.04180083091402954,0.029177326269337906,77.15928690414107,189.0,-95.0,94.0,-0.6666666666666666,3.0609719345770836e-06,8.080421156720223e-06,7.128720269721136e-06,1.520914142644136e-05,1.0566748820039452e-05,0.00010046782148976702,0.00024609375,-0.00012369791666666668,0.00012239583333333332,-8.680555555555593e-07
191,recording1_315_0.wav,s1,upstairs,wall,trial2,A2,1,90,recording1,315,0,0.009840707693235055,0.024596571675596503,0.025410977711327647,0.05000754938692415,0.03540325494799587,76.955434433761,189.0,-95.0,94.0,-0.16666666666666666,3.660188178105728e-06,9.16171757359538e-06,9.048145933326262e-06,1.820986350692164e-05,1.2789294257050445e-05,0.0001002023885856263,0.00024609375,-0.00012369791666666668,0.00012239583333333332,-2.170138888888921e-07
192,recording0_0_0.wav,s1,upstairs,wall,trial2,B0,3,0,recording0,0,0,0.003834956762812568,0.010107627543372216,0.02874077008804428,0.038848397631416495,0.03282168889084766,44.90638410441586,97.0,-96.0,1.0,-63.5,1.4131337016386608e-06,3.738849290407641e-06,1.0354776224295579e-05,1.409362551470322e-05,1.1877036185359766e-05,5.847185430262482e-05,0.00012630208333333333,-0.000125,1.3020833333333333e-06,-8.268229166666668e-05
193,recording0_45_0.wav,s1,upstairs,wall,trial2,B0,3,0,recording0,45,0,0.0032011538523679262,0.0092609041405846,0.018631352853866162,0.027892256994450762,0.023715663559666252,45.02098276236192,96.0,-96.0,0.0,-63.666666666666664,1.1848670821547678e-06,3.4277196392965395e-06,6.803713178351872e-06,1.0231432817648411e-05,8.665183291756424e-06,5.862107130515875e-05,0.000125,-0.000125,0.0,-8.289930555555557e-05
194,recording0_90_0.wav,s1,upstairs,wall,trial2,B0,3,0,recording0,90,0,0.0011770112625026506,0.003203391984020483,0.014508413760542647,0.01771180574456313,0.01677456415522269,39.191835884530846,96.0,-96.0,0.0,-48.0,4.287295429880164e-07,1.1638464293197672e-06,5.380982231265945e-06,6.544828660585712e-06,6.187141542013034e-06,5.103103630798287e-05,0.000125,-0.000125,0.0,-6.25e-05
195,recording0_135_0.wav,s1,upstairs,wall,trial2,B0,3,0,recording0,135,0,0.0020255184188868692,0.005476029247311023,0.014450860448341946,0.01992688969565297,0.016536436183529044,39.19360775546044,96.0,-96.0,0.0,-48.166666666666664,7.387065630215097e-07,2.0161842605121012e-06,5.315764326355892e-06,7.3319485868679935e-06,6.104641326970134e-06,5.1033343431589113e-05,0.000125,-0.000125,0.0,-6.271701388888889e-05
196,recording0_180_0.wav,s1,upstairs,wall,trial2,B0,3,0,recording0,180,0,0.002271147975036742,0.006171563057217031,0.014575894529131304,0.020747457586348335,0.01833194875318935,38.9903834297638,96.0,-96.0,0.0,-48.5,8.342247783944657e-07,2.2619541467151686e-06,5.381261361149713e-06,7.643215507864881e-06,6.7516561289503635e-06,5.076872842417163e-05,0.000125,-0.000125,0.0,-6.315104166666666e-05
197,recording0_225_0.wav,s1,upstairs,wall,trial2,B0,3,0,recording0,225,0,0.0028444624991556065,0.008039129973914816,0.01470265673262143,0.022741786706536246,0.017183828404981272,38.788600845551976,96.0,-96.0,0.0,-48.333333333333336,1.0566341189162248e-06,2.976969273626508e-06,5.401454593230924e-06,8.378423866857432e-06,6.320373059104713e-06,5.050599068431247e-05,0.000125,-0.000125,0.0,-6.293402777777779e-05
198,recording0_270_0.wav,s1,upstairs,wall,trial2,B0,3,0,recording0,270,0,0.004757554435780465,0.013384930123900452,0.015537313244451272,0.028922243368351724,0.02231097488169914,44.790872085975536,97.0,-96.0,1.0,-63.333333333333336,1.7539057649436584e-06,4.893887393398221e-06,5.662048118567909e-06,1.055593551196613e-05,8.126599015323185e-06,5.832144802861398e-05,0.00012630208333333333,-0.000125,1.3020833333333333e-06,-8.246527777777778e-05
199,recording0_315_0.wav,s1,upstairs,wall,trial2,B0,3,0,recording0,315,0,0.004624131055741145,0.012513410700562957,0.023369371070670608,0.035882781771233566,0.02908909647810039,44.90638410441586,97.0,-96.0,1.0,-63.5,1.6983742063087343e-06,4.591091588767905e-06,8.460157982266121e-06,1.3051249571034026e-05,1.0564096577313098e-05,5.847185430262482e-05,0.00012630208333333333,-0.000125,1.3020833333333333e-06,-8.268229166666668e-05
200,recording1_0_0.wav,s1,upstairs,wall,trial2,B0,3,0,recording1,0,0,0.003911822139036956,0.009760427012497921,0.025838427849702125,0.03559885486220005,0.02967339297599122,44.90638410441586,97.0,-96.0,1.0,-63.5,1.441207634920335e-06,3.598478105291597e-06,9.382236942990413e-06,1.298071504828201e-05,1.0801242602005015e-05,5.847185430262482e-05,0.00012630208333333333,-0.000125,1.3020833333333333e-06,-8.268229166666668e-05
201,recording1_45_0.wav,s1,upstairs,wall,trial2,B0,3,0,recording1,45,0,0.0031928271585816115,0.008458886574040893,0.017932708355921704,0.026391594929962597,0.022285078411829234,45.02098276236192,96.0,-96.0,0.0,-63.666666666666664,1.1890599529299426e-06,3.1319038133072872e-06,6.584881455651354e-06,9.716785268958642e-06,8.189631641220814e-06,5.862107130515875e-05,0.000125,-0.000125,0.0,-8.289930555555557e-05
202,recording1_90_0.wav,s1,upstairs,wall,trial2,B0,3,0,recording1,90,0,0.0013832962248776805,0.004131973281148376,0.014698359579680954,0.01883033286082933,0.01693405528176018,39.19360775546044,96.0,-96.0,0.0,-48.166666666666664,5.211006732514636e-07,1.5384592477188877e-06,5.4281877176219045e-06,6.966646965340792e-06,6.253283169749124e-06,5.1033343431589113e-05,0.000125,-0.000125,0.0,-6.271701388888889e-05
203,recording1_135_0.wav,s1,upstairs,wall,trial2,B0,3,0,recording1,135,0,0.0018356635583061962,0.004282901382452135,0.014053117559626873,0.018336018942079008,0.01612601013693161,39.191835884530846,96.0,-96.0,0.0,-48.0,6.73976771100672e-07,1.5825892168652202e-06,5.186523752981379e-06,6.769112969846599e-06,5.965610291295437e-06,5.103103630798287e-05,0.000125,-0.000125,0.0,-6.25e-05
204,recording1_180_0.wav,s1,upstairs,wall,trial2,B0,3,0,recording1,180,0,0.0020443107973816153,0.0052562565387339385,0.014512675074707557,0.019768931613441496,0.017334109164686008,38.98895855096528,96.0,-96.0,0.0,-47.833333333333336,7.612213697709906e-07,1.9762956006683973e-06,5.373053332281939e-06,7.349348932950336e-06,6.4214071555473475e-06,5.076687311323605e-05,0.000125,-0.000125,0.0,-6.228298611111111e-05
205,recording1_225_0.wav,s1,upstairs,wall,trial2,B0,3,0,recording1,225,0,0.003290821456161778,0.008630037455688123,0.014682947235550952,0.023312984691239075,0.01776567092328703,38.99323303115839,96.0,-96.0,0.0,-48.166666666666664,1.2181020553427826e-06,3.192525079206152e-06,5.414441763341594e-06,8.606966842547746e-06,6.554818169930485e-06,5.077243884265416e-05,0.000125,-0.000125,0.0,-6.271701388888889e-05
206,recording1_270_0.wav,s1,upstairs,wall,trial2,B0,3,0,recording1,270,0,0.004482147586323559,0.012122661079112793,0.017975555716775574,0.030098216795888366,0.023245006007965797,44.790872085975536,97.0,-96.0,1.0,-63.333333333333336,1.658112227764188e-06,4.448536904954164e-06,6.5553435431151e-06,1.1003880448069264e-05,8.482415600000226e-06,5.832144802861398e-05,0.00012630208333333333,-0.000125,1.3020833333333333e-06,-8.246527777777778e-05
207,recording1_315_0.wav,s1,upstairs,wall,trial2,B0,3,0,recording1,315,0,0.004667125081747069,0.012388588322247474,0.02187406261385427,0.03426265093610174,0.027154180894946967,45.13929059650313,97.0,-96.0,1.0,-63.333333333333336,1.7227319080858188e-06,4.553629438812155e-06,7.96858596820738e-06,1.2522215407019534e-05,9.922768591530578e-06,5.8775117964196786e-05,0.00012630208333333333,-0.000125,1.3020833333333333e-06,-8.246527777777781e-05
